Num_Acc,an,mois,jour,hrmn,lum,agg,int,atm,col,com,adr,gps,lat,long,dep,catr,voie,v1,v2,circ,nbv,pr,pr1,vosp,prof,plan,lartpc,larrout,surf,infra,situ,env1
201700019143,17,11,23,2145,5,2,1,1.0,6.0,236,RD106 Claouey,M,44.744,-1.18142,330,3,106,,,2.0,2.0,52.0,711.0,0.0,1.0,2.0,0.0,0.0,1.0,0.0,0.0,99.0
201700019144,17,2,23,2327,3,1,1,2.0,6.0,382,LIEU DIT AU MOINOT,M,45.15442,-0.4719,330,3,18,,,2.0,2.0,21.0,424.0,0.0,1.0,1.0,0.0,54.0,2.0,2.0,3.0,99.0
201700019145,17,7,4,2030,1,2,1,1.0,3.0,114,70 avenue de paris,M,45.10052,-0.38954,330,3,18,,,2.0,2.0,31.0,66.0,0.0,1.0,1.0,0.0,56.0,1.0,0.0,1.0,99.0
201700019146,17,7,29,1100,1,1,1,1.0,6.0,502,LD la fond des loges,M,45.18138,-0.52806,330,3,18,,,2.0,2.0,15.0,990.0,0.0,1.0,2.0,0.0,0.0,1.0,0.0,3.0,99.0
201700019147,17,8,4,1530,1,1,1,1.0,1.0,114,RD218 LD BODET,M,45.0881,-0.38407,330,3,18,,,2.0,2.0,32.0,502.0,0.0,1.0,3.0,0.0,68.0,1.0,0.0,1.0,99.0
201700019148,17,9,20,1900,1,2,3,1.0,1.0,114,RD135E5 / R.NEUVE,M,45.11045,-0.38131,330,3,135,,E,2.0,2.0,4.0,150.0,0.0,1.0,1.0,6.0,310.0,1.0,,1.0,
201700019149,17,10,14,2100,3,2,1,1.0,6.0,473,LE JARD DE BOURDILLAS,M,45.19245,-0.45642,330,3,115,,,2.0,2.0,14.0,80.0,0.0,1.0,1.0,59.0,0.0,1.0,0.0,3.0,99.0
201700019150,17,11,17,1700,1,1,2,1.0,3.0,184,RD737 / RD137E3,M,45.15995,-0.55707,330,3,137,3.0,E,2.0,2.0,0.0,1.0,,,,,,,,,
201700019151,17,7,28,1615,1,2,1,1.0,6.0,195,RD655E5-LD-Aroudets,M,44.39092,-0.03908,330,3,655,,E,2.0,2.0,0.0,580.0,0.0,1.0,1.0,0.0,72.0,1.0,0.0,1.0,99.0
201700019152,17,11,1,1005,1,1,2,1.0,3.0,36,D802-PisCy/R. A des Pins,M,44.44166,-0.21872,330,3,802,,,2.0,2.0,97.0,41.0,1.0,1.0,0.0,0.0,15.0,1.0,,,
201700019153,17,11,14,930,1,2,3,1.0,6.0,36,D3 / VC Eyrevieille,M,44.43231,-0.21658,330,3,3,,,1.0,1.0,170.0,960.0,0.0,1.0,0.0,0.0,10.0,1.0,,1.0,
201700019154,17,11,22,1700,1,1,1,1.0,1.0,95,D932,M,44.2679,-0.2614,330,3,932,,,2.0,2.0,34.0,630.0,0.0,1.0,0.0,0.0,0.0,1.0,0.0,1.0,99.0
201700019155,17,12,19,749,2,2,6,1.0,3.0,36,RN524 / RD3,M,44.44389,-0.23611,330,2,524,,,1.0,1.0,12.0,649.0,0.0,1.0,0.0,4.0,10.0,1.0,,1.0,
201700019156,17,3,16,940,1,2,2,1.0,3.0,345,RD15 / RD16,M,44.66122,0.07291,330,3,15,,,2.0,2.0,29.0,312.0,0.0,1.0,0.0,11.0,410.0,0.0,,1.0,
201700019157,17,4,3,1835,1,1,1,1.0,6.0,277,D672 lieu dit Barboteau,M,44.75388,0.11197,330,3,672,,,2.0,2.0,15.0,300.0,0.0,2.0,1.0,0.0,72.0,1.0,0.0,3.0,99.0
201700019158,17,5,4,1945,1,1,1,1.0,7.0,359,VC Le Chaban - Galocher,M,44.6196,0.02542,330,4,,,,2.0,2.0,,,0.0,2.0,1.0,0.0,39.0,1.0,0.0,1.0,99.0
201700019159,17,5,4,1735,1,1,3,1.0,2.0,359,lieu dit la violette sud,M,44.63224,0.02519,330,3,668,,,2.0,2.0,12.0,351.0,0.0,1.0,1.0,0.0,10.0,1.0,,1.0,
201700019160,17,9,18,720,2,1,1,2.0,6.0,316,D15 lieu dit la métairie,M,44.74872,0.06726,330,3,15,,,2.0,2.0,17.0,357.0,0.0,1.0,1.0,0.0,58.0,2.0,0.0,1.0,99.0
201700019161,17,1,5,1415,1,1,1,1.0,6.0,482,RD 230,M,44.68327,-0.11748,330,3,230,,,2.0,2.0,19.0,46.0,0.0,1.0,2.0,0.0,0.0,1.0,0.0,3.0,99.0
201700019162,17,1,11,1450,1,1,1,2.0,6.0,506,Lieu dit Pringis,M,44.69594,-0.0909,330,3,671,,,2.0,2.0,33.0,66.0,0.0,2.0,2.0,85.0,113.0,2.0,0.0,1.0,99.0
201700019163,17,2,15,1450,1,2,7,1.0,6.0,506,place de la république,M,44.69249,-0.08621,330,4,,,,1.0,1.0,,,0.0,2.0,0.0,4.0,610.0,1.0,,,
201700019164,17,3,7,1830,5,2,9,3.0,3.0,506,Parking CC Rte Libourne,M,44.69801,-0.08894,330,6,0,,,0.0,0.0,,,0.0,1.0,0.0,0.0,20.0,1.0,,,
201700019165,17,3,30,730,1,1,1,1.0,6.0,515,domaine Loustalet,M,44.69992,-0.31174,330,3,237,,,2.0,2.0,6.0,170.0,0.0,1.0,1.0,0.0,58.0,1.0,0.0,3.0,99.0
201700019166,17,4,24,1630,1,1,2,1.0,3.0,482,Intersection D230 / D9,M,44.68272,-0.11994,330,3,230,,,2.0,2.0,18.0,841.0,0.0,1.0,1.0,0.0,58.0,1.0,0.0,1.0,99.0
201700019167,17,7,8,1030,1,1,3,1.0,2.0,57,RD17/RD127,M,44.75331,-0.07401,330,3,127,,,2.0,2.0,9.0,696.0,,,,,,,,,
201700019168,17,7,24,1855,1,1,3,1.0,6.0,506,D17 / VC.Mont St Fort,M,44.71215,-0.06559,330,3,17,,,2.0,2.0,50.0,552.0,0.0,1.0,0.0,6.0,510.0,1.0,,1.0,
201700019169,17,10,6,830,1,1,2,1.0,3.0,275,LD les Fagnards,M,44.70386,-0.16784,330,3,119,,,2.0,2.0,43.0,456.0,0.0,1.0,1.0,0.0,15.0,1.0,5.0,,99.0
201700019170,17,11,6,1200,1,1,2,1.0,3.0,299,D19 / D230,M,44.64325,-0.23386,330,3,19,,,2.0,2.0,31.0,308.0,0.0,1.0,0.0,6.0,410.0,1.0,0.0,,99.0
201700019171,17,12,15,1205,1,1,2,2.0,3.0,163,RD 671 / RD122,M,44.74895,-0.23878,330,3,122,,,2.0,2.0,43.0,260.0,0.0,1.0,0.0,0.0,25.0,1.0,0.0,,3.0
201700019172,17,2,16,2250,3,1,1,1.0,6.0,429,RD3,M,44.44319,-0.43555,330,3,3,,,2.0,2.0,152.0,76.0,0.0,1.0,1.0,0.0,74.0,1.0,0.0,3.0,99.0
201700019173,17,5,25,745,1,1,1,1.0,2.0,26,D11 PR 45+19 reel,M,44.50959,-0.43771,330,3,11,,,2.0,2.0,45.0,1.0,0.0,1.0,1.0,0.0,60.0,1.0,0.0,1.0,99.0
201700019174,17,6,1,1555,1,1,1,1.0,6.0,547,2 lieu dit Guinche NORD,M,44.46599,-0.36829,330,3,8,,,2.0,2.0,16.0,533.0,0.0,1.0,1.0,0.0,0.0,1.0,0.0,3.0,99.0
201700019175,17,6,25,445,5,2,1,1.0,6.0,307,route de Preignac,M,44.48292,-0.36696,330,3,8,,,2.0,2.0,14.0,620.0,0.0,2.0,2.0,0.0,0.0,1.0,0.0,3.0,99.0
201700019176,17,12,7,120,5,2,1,5.0,6.0,429,RD3- le bourg,M,44.43246,-0.46751,330,3,3,,,2.0,2.0,149.0,162.0,0.0,1.0,1.0,0.0,0.0,2.0,0.0,3.0,99.0
201700019177,17,1,6,1620,1,1,2,1.0,1.0,545,RD204 / RD204E4,M,45.2474,-0.84339,330,3,204,,,2.0,2.0,11.0,299.0,0.0,2.0,0.0,,60.0,1.0,,,
201700019178,17,1,14,1400,1,2,1,1.0,6.0,125,17 RTE LA PETITE RIVAUX,M,45.22491,-0.84009,330,4,0,,,2.0,2.0,,,0.0,1.0,1.0,0.0,45.0,1.0,0.0,1.0,99.0
201700019179,17,1,14,1600,1,1,1,1.0,6.0,395,RD2,M,45.25137,-0.78575,330,3,2,,,2.0,2.0,36.0,810.0,0.0,1.0,4.0,0.0,65.0,1.0,0.0,1.0,99.0
201700019180,17,1,22,500,3,1,6,1.0,7.0,125,"Rond Point ""La Cardine""",M,45.21622,-0.87059,330,3,205,,,2.0,2.0,11.0,495.0,,,,,,,,,
201700019181,17,1,30,835,1,1,9,2.0,3.0,424,RD1215 / RD1E8,M,45.13945,-0.81822,330,3,1215,,,2.0,2.0,41.0,350.0,0.0,1.0,0.0,408.0,225.0,1.0,,,
201700019182,17,3,3,430,3,1,1,1.0,6.0,424,lieu-dit Courbiac,M,45.1181,-0.8097,330,3,1215,,,3.0,4.0,39.0,200.0,0.0,1.0,1.0,0.0,0.0,1.0,0.0,3.0,99.0
201700019183,17,3,5,1815,1,1,1,1.0,6.0,424,D1215 Lieu dit Ballac,M,45.16958,-0.83482,330,3,1215,,,2.0,2.0,45.0,343.0,0.0,2.0,1.0,0.0,0.0,1.0,0.0,3.0,99.0
201700019184,17,3,16,1710,1,1,1,1.0,6.0,471,ROUTE DE CISSAC,M,45.20968,-0.83245,330,3,104,,,2.0,2.0,4.0,102.0,0.0,2.0,2.0,0.0,0.0,1.0,0.0,3.0,99.0
201700019185,17,3,17,1815,1,2,9,1.0,7.0,423,RD2 / Pl Hotel Villle,M,45.16521,-0.74074,330,3,2,,,2.0,2.0,48.0,805.0,0.0,2.0,0.0,0.0,10.0,1.0,,1.0,
201700019186,17,3,29,815,1,1,1,1.0,1.0,423,D2,M,45.15133,-0.74014,330,3,2,,,2.0,2.0,50.0,293.0,0.0,1.0,0.0,0.0,10.0,1.0,,,
201700019187,17,3,30,820,1,2,1,1.0,6.0,424,R.DOCTEUR DESTOUESSE,M,45.14779,-0.82366,330,3,104,,,2.0,2.0,7.0,320.0,0.0,1.0,1.0,0.0,0.0,1.0,0.0,1.0,3.0
201700019188,17,4,12,1235,1,1,1,7.0,3.0,314,RD2E4 (Bd Halimbourg),M,45.20993,-0.74849,330,3,2,,E,2.0,2.0,0.0,640.0,0.0,1.0,1.0,0.0,63.0,1.0,0.0,1.0,99.0
201700019189,17,4,21,1735,1,1,2,1.0,3.0,424,D1215 / Rte de Courbiac,M,45.11406,-0.80773,330,3,1215,,,2.0,4.0,38.0,781.0,0.0,1.0,0.0,0.0,15.0,3.0,5.0,1.0,
201700019190,17,4,26,1010,1,1,3,1.0,2.0,424,RD1E8 / RD1215,M,45.13919,-0.81831,330,3,1215,,,2.0,3.0,41.0,600.0,,,,,,,,,
201700019191,17,4,27,730,1,1,1,5.0,2.0,412,RD205 PK9+700,M,45.2098,-0.89123,330,3,205,,,2.0,2.0,9.0,700.0,0.0,1.0,1.0,0.0,63.0,1.0,0.0,1.0,99.0
201700019192,17,5,7,1200,1,2,4,1.0,3.0,423,RD2 / RD101,M,45.14739,-0.74134,330,3,101,,,1.0,1.0,58.0,151.0,,,1.0,,,,5.0,,
201700019193,17,5,20,1145,1,1,2,2.0,3.0,395,D2E3 / VC,M,45.24016,-0.7739,330,3,2,3.0,E,2.0,2.0,1.0,79.0,0.0,1.0,1.0,4.0,720.0,1.0,,,
201700019194,17,5,31,1659,1,1,1,2.0,1.0,395,VC station d'épuration,M,45.27289,-0.76199,330,4,,,,2.0,2.0,,,0.0,1.0,2.0,0.0,51.0,2.0,0.0,1.0,99.0
201700019195,17,6,18,2140,1,2,3,1.0,6.0,314,Place Pierre 1er,M,45.19871,-0.74822,330,3,205,2.0,E,2.0,2.0,0.0,45.0,,,1.0,,,,,1.0,
201700019196,17,7,8,1130,1,1,1,1.0,1.0,424,lieu-dit la Grave,M,45.13039,-0.85754,330,4,0,,,2.0,2.0,,,0.0,1.0,2.0,0.0,30.0,1.0,0.0,1.0,99.0
201700019197,17,8,2,1843,1,1,1,1.0,1.0,424,D104 - PR 11+445 réel,M,45.12044,-0.85656,330,3,104,,,2.0,2.0,11.0,433.0,0.0,1.0,1.0,0.0,60.0,1.0,0.0,1.0,99.0
201700019198,17,8,3,1100,1,1,2,1.0,3.0,395,RD2/Rte.ANGUILEYS,M,45.26463,-0.79064,330,3,2,,,2.0,2.0,34.0,799.0,0.0,4.0,1.0,0.0,10.0,1.0,,1.0,
201700019199,17,9,25,1600,1,1,3,1.0,2.0,125,RD1215 / Bedillous,M,45.19496,-0.85467,330,3,1215,,,2.0,2.0,49.0,580.0,0.0,1.0,0.0,7.0,710.0,1.0,,1.0,
201700019200,17,9,29,1530,1,1,3,1.0,1.0,423,D2 / All.Barton,M,45.1562,-0.7391,330,3,2,,,2.0,2.0,49.0,745.0,0.0,2.0,0.0,6.0,310.0,1.0,,1.0,
201700019201,17,10,2,1038,1,2,1,1.0,6.0,395,Route du vieux Moulin,M,45.26708,-0.78956,330,3,2,,,2.0,2.0,34.0,335.0,0.0,3.0,1.0,0.0,67.0,2.0,0.0,3.0,99.0
201700019202,17,11,19,1500,1,1,1,1.0,6.0,314,D2 E4,M,45.21437,-0.74883,330,3,2,,E,2.0,1.0,1.0,43.0,0.0,1.0,1.0,0.0,64.0,1.0,0.0,3.0,99.0
201700019203,17,12,2,1755,3,1,1,1.0,6.0,424,lieu dit villeneuve,M,45.16062,-0.85039,330,3,101,,,2.0,2.0,48.0,717.0,0.0,1.0,0.0,0.0,60.0,1.0,0.0,3.0,99.0
201700019204,17,2,20,435,3,1,1,1.0,6.0,521,le lihan RD1215,M,45.48139,-1.09204,330,3,1215,,,2.0,2.0,86.0,710.0,3.0,4.0,2.0,0.0,63.0,1.0,5.0,3.0,99.0
201700019205,17,5,8,1710,1,1,2,1.0,3.0,514,RD1215 / RD1E4,M,45.50617,-1.09282,330,3,1,,E,2.0,2.0,7.0,889.0,,,1.0,,,,5.0,,
201700019206,17,6,25,1230,1,1,1,1.0,2.0,541,RD102E1,M,45.3916,-1.15911,330,3,102,,E,2.0,2.0,1.0,400.0,0.0,1.0,1.0,0.0,63.0,1.0,0.0,1.0,99.0
201700019207,17,8,3,645,1,1,1,1.0,6.0,348,RD102,M,45.36753,-0.99314,330,3,102,,,2.0,2.0,13.0,262.0,0.0,1.0,1.0,0.0,80.0,1.0,0.0,3.0,99.0
201700019208,17,10,13,1000,1,2,9,1.0,2.0,521,D1E4 54 route du Bourg,M,45.46531,-1.0499,330,3,1,,E,2.0,2.0,13.0,850.0,0.0,1.0,0.0,0.0,10.0,1.0,,,
201700019209,17,10,20,1840,1,1,1,1.0,6.0,490,Route de Valeyrac,M,45.44014,-1.00964,330,3,2,,,2.0,2.0,2.0,680.0,0.0,1.0,2.0,0.0,57.0,1.0,0.0,0.0,99.0
201700019210,17,1,21,955,1,1,3,1.0,6.0,466,RD936 / Ch Peyfroment,M,44.81787,-0.26185,330,3,936,,,2.0,2.0,25.0,485.0,0.0,1.0,1.0,0.0,60.0,1.0,2.0,3.0,99.0
201700019211,17,1,25,800,2,1,1,9.0,6.0,301,DÉPARTEMENTALE 128,M,44.79117,-0.1935,330,3,128,,,2.0,2.0,32.0,500.0,0.0,1.0,3.0,0.0,0.0,7.0,0.0,0.0,99.0
201700019212,17,2,28,1900,5,2,6,2.0,3.0,466,CARREFOUR MAGRINE,M,44.82264,-0.29373,330,3,121,,,2.0,2.0,45.0,997.0,0.0,1.0,,53.0,0.0,2.0,0.0,1.0,99.0
201700019213,17,4,23,1630,1,1,4,1.0,3.0,194,D11 / D239,M,44.80951,-0.22168,330,3,11,,,2.0,2.0,1.0,535.0,0.0,1.0,3.0,7.0,10.0,1.0,,,
201700019214,17,5,9,730,1,1,1,1.0,5.0,466,D936 Route de Branne ld,M,44.81793,-0.2632,330,3,936,,,2.0,2.0,25.0,402.0,0.0,2.0,1.0,0.0,80.0,1.0,0.0,1.0,99.0
201700019215,17,6,20,1230,1,2,1,1.0,6.0,185,641 Rte St Quentin,M,44.85365,-0.25944,330,3,121,,,2.0,2.0,41.0,514.0,0.0,2.0,2.0,0.0,0.0,1.0,0.0,1.0,99.0
201700019216,17,6,23,1330,1,2,1,1.0,1.0,466,1 rue du moulin neuf,M,44.81684,-0.28424,330,4,0,,,2.0,2.0,,,0.0,1.0,1.0,0.0,46.0,1.0,0.0,1.0,99.0
201700019217,17,7,13,1630,1,1,1,1.0,5.0,350,les terres fortes,M,44.76454,-0.11459,330,3,670,,,2.0,2.0,43.0,600.0,0.0,1.0,1.0,0.0,61.0,1.0,0.0,1.0,99.0
201700019218,17,9,9,1055,1,1,1,2.0,1.0,147,RD 239,M,44.80045,-0.23812,330,3,239,,,2.0,2.0,1.0,760.0,0.0,2.0,0.0,0.0,60.0,2.0,0.0,1.0,99.0
201700019219,17,9,21,1200,1,2,1,7.0,6.0,71,Rue Emmanuel Roy,M,44.8292,-0.18745,330,3,936,,,2.0,2.0,32.0,70.0,0.0,1.0,1.0,800.0,16.0,1.0,,1.0,
201700019220,17,11,17,1715,1,1,1,1.0,3.0,257,RD19 / Ch. de terre,M,44.81849,-0.18542,330,3,19,,,2.0,2.0,6.0,763.0,0.0,1.0,1.0,0.0,70.0,1.0,0.0,1.0,99.0
201700019221,17,1,10,1330,1,2,1,1.0,6.0,459,Départementale 936,M,44.85551,-0.109,330,3,936,,,2.0,2.0,39.0,421.0,0.0,1.0,1.0,0.0,80.0,1.0,0.0,1.0,99.0
201700019222,17,6,14,1700,1,1,1,1.0,5.0,394,9343 Champ des Rivalons,M,44.89103,-0.19346,330,3,670,,,2.0,2.0,5.0,89.0,0.0,1.0,1.0,0.0,150.0,1.0,0.0,1.0,99.0
201700019223,17,7,12,1750,1,2,3,1.0,3.0,480,RD19 / RD19E1,M,44.87397,-0.19036,330,3,19,,E,2.0,2.0,0.0,1.0,,,1.0,,,,,,
201700019224,17,7,18,1445,1,2,2,1.0,3.0,108,Av.verdun/R.19mars1962,M,44.85323,-0.05103,330,3,123,,,2.0,2.0,29.0,42.0,0.0,1.0,0.0,6.0,10.0,1.0,,,
201700019225,17,7,26,1810,1,1,2,2.0,3.0,426,D670E5 - D243E2,M,44.86314,-0.13446,330,3,243,2.0,E,2.0,2.0,4.0,245.0,,,,,,,,,
201700019226,17,8,12,525,3,1,1,1.0,6.0,394,les egrieres nord,M,44.90746,-0.14616,330,4,0,,,2.0,2.0,,,0.0,1.0,2.0,0.0,0.0,1.0,0.0,3.0,99.0
201700019227,17,8,13,1840,1,2,3,1.0,7.0,390,Picoron/ Ch.Quatre Rieux,M,44.87807,-0.06999,330,4,,,,2.0,2.0,,,,,,,,,,,
201700019228,17,8,21,300,3,1,1,1.0,6.0,173,route communale 2,M,44.95146,-0.00474,330,4,2,,,2.0,2.0,,,0.0,1.0,0.0,0.0,0.0,1.0,0.0,3.0,99.0
201700019229,17,10,3,630,5,2,1,2.0,1.0,480,Grand bigaroux - RD 670,M,44.87802,-0.16452,330,3,670,,,2.0,2.0,27.0,830.0,0.0,1.0,1.0,0.0,80.0,2.0,0.0,1.0,99.0
201700019230,17,12,11,1050,1,1,3,2.0,3.0,394,D224 / VC Au Jurat,M,44.92487,-0.16754,330,3,244,,,2.0,2.0,6.0,203.0,0.0,2.0,0.0,0.0,20.0,1.0,,1.0,
201700020878,17,10,25,1035,1,1,1,1.0,4.0,272,RN 10.,M,45.06641,-0.39282,330,2,10,,,3.0,4.0,12.0,220.0,0.0,1.0,1.0,30.0,95.0,1.0,0.0,1.0,99.0
201700025527,17,1,8,1820,5,2,3,1.0,3.0,9,"2, Av MAL LYAUTEY",M,44.64445,-1.19555,330,3,218,,,2.0,2.0,2.0,641.0,0.0,1.0,1.0,0.0,84.0,1.0,0.0,,0.0
201700025528,17,1,25,815,1,2,2,1.0,6.0,529,R.DIGNAC / R.14 Juillet,M,44.63165,-1.14797,330,4,0,,,1.0,1.0,,,0.0,1.0,0.0,0.0,51.0,0.0,0.0,1.0,99.0
201700025529,17,2,6,851,1,2,1,1.0,6.0,9,"10, LIBERATION (AVE)",M,44.65493,-1.15879,330,4,,,,2.0,2.0,,,0.0,2.0,1.0,0.0,46.0,1.0,0.0,1.0,99.0
201700025530,17,2,9,2210,5,2,3,1.0,1.0,9,All. Balde / All.Reclus,M,44.6477,-1.1787,330,4,,,,2.0,2.0,,,,,1.0,,,,,,
201700025531,17,3,13,1140,1,2,2,2.0,6.0,9,R.ILLYRICUS /R.Jammes,M,44.66218,-1.17848,330,4,,,,1.0,1.0,,,,,1.0,,,,,,
201700025532,17,3,29,1240,1,2,1,1.0,6.0,529,"38, DHEURLE (RUE HENRI)",M,44.6334,-1.13466,330,4,0,,,2.0,2.0,,,0.0,1.0,1.0,0.0,78.0,1.0,0.0,1.0,99.0
201700025533,17,4,6,1715,1,1,9,1.0,3.0,529,RD1250 / RD259,M,44.61344,-1.1519,330,3,1250,,,2.0,2.0,43.0,0.0,0.0,0.0,1.0,0.0,0.0,0.0,,1.0,0.0
201700025534,17,4,22,1650,1,1,3,1.0,3.0,529,RD 218 / piste 214,M,44.58721,-1.20397,330,3,218,,,2.0,2.0,10.0,216.0,0.0,4.0,1.0,0.0,0.0,1.0,0.0,1.0,0.0
201700025535,17,4,22,1856,1,1,1,1.0,6.0,529,LIGNON (BD LOUIS),,,,330,3,217,,,2.0,2.0,5.0,0.0,0.0,1.0,3.0,0.0,60.0,1.0,0.0,1.0,99.0
201700025536,17,5,2,930,1,2,1,2.0,5.0,529,"3, PRES SALES (RUE DES)",M,44.63708,-1.15025,330,4,0,,,2.0,2.0,,,0.0,1.0,1.0,0.0,58.0,2.0,0.0,1.0,99.0
201700025537,17,5,6,1925,1,1,1,1.0,2.0,529,RD218,M,44.58158,-1.21203,330,3,218,,,2.0,2.0,11.0,137.0,1.0,4.0,1.0,0.0,40.0,0.0,0.0,1.0,0.0
201700025538,17,4,16,1900,1,2,1,1.0,6.0,529,"35, PORT (RUE DU)",M,44.6361,-1.14452,330,4,0,,,2.0,2.0,,,0.0,1.0,1.0,0.0,75.0,1.0,0.0,1.0,99.0
201700025539,17,6,10,310,5,2,1,1.0,6.0,529,CAPTALAT (RUE DU),M,44.63248,-1.14467,330,4,0,,,1.0,1.0,,,0.0,1.0,1.0,0.0,52.0,1.0,0.0,1.0,99.0
201700025540,17,6,10,1820,1,2,1,1.0,6.0,529,"1, PORT (RUE DU)",M,44.63321,-1.14505,330,4,0,,,2.0,2.0,,,0.0,1.0,1.0,0.0,70.0,1.0,0.0,1.0,99.0
201700025541,17,6,15,1730,1,2,1,1.0,6.0,9,"61, LECLERC (BD DU GAL)",M,44.66019,-1.16778,330,4,0,,,2.0,0.0,,,0.0,0.0,0.0,0.0,0.0,0.0,0.0,1.0,0.0
201700025542,17,6,16,1850,1,2,1,1.0,1.0,529,"47, LESCA (RUE ANDRE)",M,44.63748,-1.13683,330,4,0,,,2.0,2.0,,,0.0,1.0,1.0,0.0,57.0,1.0,0.0,1.0,99.0
201700025543,17,6,20,1450,1,2,3,1.0,3.0,9,R.GUYNEMER / All.FLECHES,M,44.6546,-1.15717,330,4,0,,,2.0,2.0,,,0.0,1.0,1.0,0.0,52.0,1.0,0.0,,0.0
201700025544,17,6,25,2330,5,2,6,1.0,7.0,529,"., LECLERC (AVE DU GAL)",M,44.65035,-1.14998,330,3,650,,,2.0,2.0,18.0,421.0,0.0,1.0,1.0,0.0,0.0,1.0,0.0,1.0,99.0
201700025545,17,7,3,1650,1,2,1,1.0,3.0,529,"14b, LOUDES (R. GUSTAVE)",M,44.6228,-1.14754,330,4,0,,,2.0,2.0,,,0.0,1.0,1.0,0.0,54.0,1.0,0.0,1.0,99.0
201700025546,17,7,5,1110,1,2,1,1.0,6.0,529,Rue Lagrua,M,44.64561,-1.15789,330,4,0,,,2.0,2.0,,,0.0,1.0,1.0,12.0,59.0,1.0,0.0,5.0,99.0
201700025547,17,6,24,2350,5,2,1,1.0,2.0,529,"36B, Av.De Gaulle",M,44.63379,-1.13943,330,3,217,,,2.0,2.0,0.0,860.0,0.0,1.0,1.0,0.0,91.0,1.0,0.0,1.0,99.0
201700025548,17,7,1,1555,1,1,1,1.0,6.0,529,RD1250 PR44+952 réel,M,44.6273,-1.15783,330,3,1250,,,2.0,2.0,44.0,977.0,0.0,1.0,1.0,0.0,74.0,1.0,0.0,1.0,0.0
201700025549,17,7,17,1205,1,1,2,1.0,3.0,529,Av MARIOTE/Av Papin,M,44.60795,-1.12521,330,4,0,,,2.0,2.0,,,0.0,1.0,1.0,0.0,235.0,1.0,0.0,,99.0
201700025550,17,7,19,1030,1,1,1,1.0,6.0,529,D804-PistCyc-28+433,M,44.56703,-1.22881,330,3,804,,,2.0,2.0,28.0,433.0,1.0,4.0,1.0,0.0,70.0,1.0,0.0,5.0,99.0
201700025551,17,7,7,810,1,2,1,1.0,6.0,9,"13, REGUE BLANQUE (RUE D",M,44.64956,-1.15387,330,4,0,,,2.0,2.0,,,0.0,1.0,1.0,0.0,68.0,1.0,0.0,1.0,99.0
201700025552,17,7,28,2340,5,2,1,1.0,6.0,9,RD1250,M,44.65076,-1.15797,330,3,1250,,,2.0,2.0,47.0,673.0,0.0,1.0,1.0,0.0,70.0,1.0,0.0,1.0,99.0
201700025553,17,8,14,1900,1,2,2,1.0,3.0,9,R.DUMORA/R.LANINE,M,44.66011,-1.17372,330,4,0,,,1.0,1.0,,,0.0,1.0,1.0,0.0,59.0,1.0,0.0,1.0,99.0