Num_Acc,an,mois,jour,hrmn,lum,agg,int,atm,col,com,adr,gps,lat,long,dep,catr,voie,v1,v2,circ,nbv,pr,pr1,vosp,prof,plan,lartpc,larrout,surf,infra,situ,env1
201700025554,17,8,16,1910,1,1,1,1.0,6.0,529,RN250,M,44.6158,-1.14042,330,2,250,,,2.0,2.0,42.0,0.0,0.0,1.0,1.0,0.0,70.0,1.0,0.0,1.0,99.0
201700025555,17,8,24,1830,1,1,9,1.0,6.0,529,D1250,M,44.62805,-1.15755,330,3,1250,,,2.0,2.0,45.0,37.0,0.0,1.0,1.0,0.0,77.0,1.0,3.0,1.0,99.0
201700025556,17,9,2,1926,1,1,1,1.0,6.0,529,RD 259,M,44.59856,-1.19527,330,3,259,,,2.0,2.0,4.0,249.0,0.0,1.0,1.0,0.0,135.0,1.0,0.0,1.0,99.0
201700025557,17,9,23,1735,1,2,1,1.0,1.0,529,Av PARC DES EXPOSITIONS,M,44.60399,-1.11207,330,4,0,,,2.0,2.0,,,0.0,1.0,1.0,0.0,68.0,1.0,0.0,1.0,99.0
201700025558,17,9,28,1950,2,1,1,1.0,6.0,529,Rte Arcachon à Biscaross,M,44.48155,-1.23602,330,3,218,,,2.0,2.0,23.0,332.0,0.0,1.0,1.0,0.0,59.0,1.0,0.0,1.0,99.0
201700025559,17,10,8,1629,1,2,2,1.0,3.0,9,R. COSTE / R. MOULY,M,44.65396,-1.14442,330,4,,,,2.0,2.0,,,0.0,1.0,1.0,0.0,48.0,1.0,0.0,1.0,99.0
201700025560,17,11,7,1305,1,2,2,1.0,3.0,529,Bd Miquelots/Sq Jolibois,M,44.60958,-1.1355,330,4,0,,,2.0,,,,0.0,1.0,1.0,0.0,48.0,1.0,0.0,1.0,3.0
201700025561,17,11,4,1320,1,1,6,1.0,3.0,529,RD250 / RD112,M,44.6196,-1.13777,330,3,112,,,2.0,2.0,1.0,945.0,0.0,1.0,1.0,0.0,49.0,1.0,0.0,,99.0
201700025562,17,11,10,820,1,2,3,2.0,3.0,9,"., DUNES (ALL. DES)",M,44.65617,-1.17811,330,4,0,,,2.0,2.0,,,0.0,1.0,1.0,0.0,60.0,2.0,0.0,1.0,99.0
201700025579,17,1,1,720,3,2,3,1.0,6.0,281,"45, KENNEDY (AVE PRESIDE",M,44.8342,-0.66956,330,4,0,,,3.0,4.0,,,0.0,1.0,1.0,0.0,0.0,1.0,0.0,4.0,0.0
201700025580,17,1,3,1820,5,2,6,1.0,1.0,281,PDT JFKENNEDY/APPOLO,M,44.8355,-0.68023,330,4,,,,2.0,2.0,,,0.0,1.0,2.0,0.0,0.0,1.0,0.0,1.0,0.0
201700025581,17,1,3,1810,5,2,3,1.0,6.0,63,RUE MORTON/DEVEAUX,M,44.8486,-0.62303,330,4,,,,2.0,2.0,,,0.0,1.0,1.0,0.0,0.0,1.0,0.0,0.0,0.0
201700025582,17,1,3,1845,5,2,3,1.0,3.0,63,AVEYSINES/ACACIAS,M,44.8624,-0.6164,330,4,,,,2.0,2.0,,,0.0,1.0,2.0,0.0,0.0,1.0,0.0,1.0,0.0
201700025583,17,1,5,1800,4,2,3,1.0,6.0,167,28 AV H.DUBEDOUT/MOLIERE,M,44.847,-0.51186,330,4,,,,2.0,2.0,,,0.0,1.0,1.0,0.0,0.0,1.0,0.0,1.0,0.0
201700025584,17,7,12,1345,1,2,4,1.0,1.0,162,VL>BORDEAUX/MOTO>EYSINES,M,44.885,-0.63649,330,4,,,,2.0,4.0,,,0.0,2.0,1.0,0.0,0.0,1.0,0.0,1.0,0.0
201700025585,17,1,6,740,1,2,6,1.0,6.0,63,G.CLEMENCEAU/HUGUERIE,M,44.8449,-0.5781,330,4,,,,2.0,4.0,,,0.0,1.0,1.0,0.0,0.0,1.0,0.0,1.0,0.0
201700025586,17,1,9,1140,1,2,3,1.0,1.0,63,VA>CENON-VB>BORDEAUX,M,44.8405,-0.55428,330,4,,,,2.0,2.0,,,0.0,1.0,1.0,0.0,0.0,1.0,0.0,1.0,0.0
201700025587,17,1,8,650,1,2,1,1.0,1.0,63,39 QUAI DE PALUDATE,M,44.8286,-0.55354,330,4,,,,2.0,2.0,,,0.0,1.0,1.0,0.0,10.0,1.0,0.0,1.0,0.0
201700025588,17,1,9,1445,1,2,3,1.0,3.0,63,CRSMALGALLIENI/J.ARC,M,44.8239,-0.59177,330,4,,,,2.0,2.0,,,0.0,1.0,1.0,0.0,0.0,1.0,0.0,1.0,0.0
201700025589,17,1,10,350,3,1,1,3.0,2.0,13,ROUTE NATIONALE 89,M,44.86714,-0.49034,330,2,,,,3.0,4.0,,,0.0,3.0,1.0,0.0,89.0,2.0,0.0,1.0,0.0
201700025590,17,1,9,1930,5,2,3,1.0,5.0,281,CASSIN:AEROPORT=>KENNEDY,M,44.8322,-0.67423,330,4,,,,2.0,2.0,,,0.0,1.0,1.0,0.0,30.0,2.0,0.0,1.0,0.0
201700025591,17,1,11,830,1,2,3,1.0,1.0,63,STEHELIN/RES MARLY CAUD,M,44.8569,-0.63625,330,4,,,,2.0,2.0,,,0.0,1.0,1.0,0.0,0.0,2.0,0.0,1.0,0.0
201700025592,17,1,10,2149,5,2,3,1.0,3.0,63,RUE DE LANGON/PELLEPORT,M,44.8205,-0.56831,330,4,,,,1.0,1.0,,,0.0,0.0,1.0,0.0,0.0,1.0,0.0,1.0,0.0
201700025593,17,1,11,950,1,2,4,2.0,3.0,63,VELODROME/TAUDIN,M,44.8542,-0.60944,330,4,,,,2.0,2.0,,,0.0,1.0,1.0,0.0,190.0,1.0,0.0,1.0,0.0
201700025594,17,1,13,2018,5,2,6,1.0,2.0,119,AVE CARNOT,M,44.86412,-0.51973,330,4,0,,,2.0,2.0,,,0.0,1.0,1.0,0.0,0.0,1.0,0.0,1.0,0.0
201700025595,17,1,9,745,5,2,3,1.0,1.0,192,"50, CRS DU GENERAL DE GA",M,44.78244,-0.60747,330,4,0,,,2.0,2.0,,,0.0,0.0,0.0,0.0,0.0,1.0,0.0,1.0,0.0
201700025596,17,1,16,1645,1,2,3,8.0,6.0,63,VL>PNTPIERRE/PIET>N?PAIR,M,44.835,-0.57434,330,4,,,,2.0,0.0,,,0.0,0.0,0.0,0.0,0.0,0.0,0.0,0.0,0.0
201700025597,17,1,11,1800,5,2,1,1.0,6.0,39,FACE AU104 AVLEROUSSEAU,M,44.8077,-0.55941,330,4,,,,2.0,2.0,,,0.0,1.0,1.0,0.0,63.0,2.0,0.0,1.0,0.0
201700025598,17,1,15,130,5,2,2,1.0,3.0,281,VLB>CTREVILLE/VLZ>ROCADE,M,44.842,-0.66075,330,4,,,,2.0,3.0,,,0.0,1.0,1.0,0.0,12.0,1.0,0.0,1.0,0.0
201700025599,17,1,17,1700,1,2,3,1.0,6.0,318,AV JEAN JAURES/M.SEMBAT,M,44.8158,-0.60903,330,4,,,,2.0,2.0,,,0.0,1.0,1.0,0.0,0.0,1.0,0.0,1.0,0.0
201700025600,17,1,18,1315,1,2,1,1.0,1.0,318,5AVTUILERANNE-STIE MACDO,M,44.7859,-0.63669,330,4,,,,2.0,4.0,,,0.0,1.0,1.0,0.0,0.0,1.0,0.0,1.0,0.0
201700025601,17,1,13,2130,5,2,2,1.0,6.0,75,AV CH.DE.GAULLE/M.BASTIE,M,44.8856,-0.611,330,4,,,,2.0,2.0,,,0.0,1.0,1.0,0.0,0.0,1.0,0.0,1.0,0.0
201700025602,17,1,11,1640,1,2,4,8.0,6.0,249,"1, BD ANDRE RICARD",M,44.88318,-0.51793,330,4,0,,,1.0,1.0,,,0.0,1.0,3.0,0.0,0.0,2.0,0.0,1.0,0.0
201700025603,17,1,12,1115,1,2,2,2.0,3.0,63,RUE DE LA TOUR D'AUVERGN,M,44.84691,-0.60812,330,4,0,,,2.0,1.0,,,0.0,1.0,2.0,0.0,0.0,2.0,0.0,1.0,0.0
201700025604,17,1,18,1510,1,2,2,1.0,1.0,63,CRS QUEBEC/R.J.ROYER,M,44.88047,-0.57033,330,4,,,,1.0,6.0,,,0.0,1.0,1.0,0.0,0.0,2.0,0.0,1.0,0.0
201700025605,17,1,14,950,1,2,6,1.0,6.0,281,"83, AVE FRANCOIS MITTERR",M,44.81975,-0.64949,330,4,0,,,2.0,2.0,,,0.0,1.0,1.0,0.0,0.0,1.0,0.0,0.0,0.0
201700025606,17,1,20,215,5,2,7,1.0,6.0,63,PCE DE STALINGRAD,M,44.83991,-0.56025,330,4,0,,,3.0,4.0,,,0.0,2.0,2.0,0.0,0.0,8.0,0.0,4.0,0.0
201700025607,17,1,23,1645,2,2,3,1.0,3.0,63,MOTO>HORTENSE/VLPARKING,M,44.8471,-0.55315,330,4,,,,2.0,2.0,,,0.0,1.0,1.0,0.0,80.0,9.0,0.0,1.0,0.0
201700025608,17,1,20,710,5,1,2,1.0,6.0,200,VL:DEJ.MERMOZ>PASTEUR,M,44.8649,-0.66461,330,4,,,,2.0,2.0,,,0.0,1.0,1.0,0.0,0.0,1.0,0.0,0.0,0.0
201700025609,17,1,24,1820,5,2,2,1.0,6.0,522,VL VENANT DE VIEILLETOUR,M,44.8147,-0.60065,330,4,,,,2.0,2.0,,,0.0,1.0,1.0,0.0,0.0,1.0,0.0,0.0,0.0
201700025610,17,1,21,1240,1,2,4,1.0,3.0,13,AVE PRAIRIE/MOULINAT,M,44.8673,-0.49731,330,4,,,,2.0,3.0,,,0.0,1.0,1.0,0.0,0.0,1.0,0.0,1.0,0.0
201700025611,17,1,20,2210,5,1,4,1.0,3.0,13,RN89/RN230 (S26),M,44.8685,-0.50292,330,2,230,,,3.0,4.0,42.0,370.0,0.0,3.0,1.0,0.0,0.0,1.0,3.0,,0.0
201700025612,17,1,24,1745,1,2,2,1.0,6.0,318,PIET>PASTEUR/VL>GARE,M,44.8052,-0.63302,330,4,,,,2.0,2.0,,,0.0,1.0,1.0,0.0,0.0,1.0,0.0,1.0,0.0
201700025613,17,1,27,400,5,2,6,1.0,3.0,63,PALUDATE GIR>ACCES MIN,M,44.8241,-0.54474,330,4,,,,2.0,2.0,,,0.0,1.0,2.0,14.0,131.0,1.0,0.0,1.0,0.0
201700025614,17,1,27,450,5,2,2,1.0,3.0,63,PORTAL/MARTINIQUE,M,44.8543,-0.57225,330,4,,,,2.0,2.0,,,0.0,1.0,1.0,0.0,0.0,1.0,0.0,1.0,0.0
201700025615,17,1,29,810,1,2,3,1.0,7.0,63,DE CENON>BORDEAUX,M,44.8386,-0.54592,330,4,,,,3.0,4.0,,,0.0,1.0,3.0,0.0,0.0,2.0,0.0,1.0,0.0
201700025616,17,1,25,1950,5,2,1,1.0,6.0,550,AV F. COIN (NoS48-49),M,44.7651,-0.55288,330,4,,,,2.0,2.0,,,0.0,1.0,1.0,0.0,0.0,1.0,0.0,1.0,0.0
201700025617,17,1,28,800,2,2,3,2.0,6.0,63,VL:NOUAUX=>CITEADMINISTR,M,44.8483,-0.59763,330,4,,,,2.0,4.0,,,0.0,1.0,1.0,0.0,0.0,2.0,0.0,1.0,0.0
201700025618,17,12,18,2100,5,2,2,1.0,6.0,249,MONTAINGE/H.DUNANT,M,44.8728,-0.51596,330,4,,,,2.0,2.0,,,0.0,1.0,1.0,0.0,0.0,1.0,0.0,1.0,0.0
201700025619,17,1,26,830,1,2,3,1.0,6.0,249,AVE DES CHAMPS,M,44.8815,-0.52591,330,4,0,,,2.0,2.0,,,0.0,2.0,3.0,0.0,69.0,1.0,0.0,1.0,0.0
201700025620,17,1,26,1705,1,2,3,1.0,6.0,522,CRS MARECHAL GALLIENI,M,44.8195,-0.59804,330,4,0,,,2.0,2.0,,,0.0,1.0,1.0,0.0,0.0,1.0,0.0,1.0,0.0
201700025621,17,1,28,1550,1,2,1,2.0,3.0,281,"8, AVE JEAN PERRIN",M,44.83882,-0.67054,330,4,0,,,2.0,2.0,,,0.0,1.0,1.0,0.0,400.0,1.0,0.0,1.0,0.0
201700025622,17,1,31,1420,1,2,3,1.0,1.0,63,QUAI DE PALUDATE/SAGET,M,44.8299,-0.55599,330,4,,,,2.0,3.0,,,0.0,1.0,1.0,0.0,0.0,1.0,0.0,0.0,0.0
201700025623,17,1,7,950,1,2,4,1.0,6.0,281,"36, AVE DE LA SOMME",M,44.83293,-0.65238,330,4,0,,,2.0,4.0,,,0.0,1.0,1.0,0.0,63.0,1.0,0.0,1.0,0.0
201700025624,17,2,4,1420,1,2,1,2.0,6.0,281,5 AVL'YSER AVT RWAGNER,M,44.8416,-0.64921,330,4,,,,2.0,2.0,,,0.0,1.0,1.0,0.0,600.0,2.0,0.0,1.0,0.0
201700025625,17,2,4,1710,1,2,1,8.0,2.0,192,29.POUMEY/VL:STIED1ACCES,M,44.7667,-0.61535,330,4,,,,2.0,4.0,,,0.0,1.0,1.0,0.0,0.0,2.0,0.0,1.0,0.0
201700025626,17,1,19,1840,5,2,2,1.0,1.0,162,CYCLO>BLANQUEFORT,M,44.8915,-0.63805,330,4,,,,2.0,3.0,,,0.0,3.0,1.0,0.0,895.0,1.0,0.0,1.0,0.0
201700025627,17,2,6,1030,1,2,1,1.0,6.0,63,"38, RUE LUCIEN FAURE",M,44.8618,-0.55553,330,4,,,,3.0,4.0,,,0.0,1.0,1.0,0.0,0.0,1.0,0.0,1.0,0.0
201700025628,17,1,30,735,2,2,2,2.0,6.0,63,CRS DE LA MARNE,M,44.82754,-0.55805,330,4,0,,,2.0,0.0,,,0.0,2.0,1.0,0.0,0.0,2.0,0.0,1.0,0.0
201700025629,17,2,1,550,5,2,1,1.0,6.0,119,9 AV PDT J.F.KENNEDY,M,44.866,-0.51231,330,4,,,,3.0,7.0,,,0.0,1.0,1.0,0.0,0.0,1.0,0.0,1.0,0.0
201700025630,17,1,28,240,5,2,9,1.0,6.0,63,BRETELLE SORTIE PONT ST,M,44.83057,-0.55607,330,4,0,,,3.0,3.0,,,0.0,2.0,3.0,0.0,0.0,1.0,0.0,0.0,0.0
201700025631,17,2,1,230,5,2,2,1.0,3.0,63,CRS ARISTIDE BRIAND,M,44.83204,-0.57788,330,4,0,,,1.0,1.0,,,0.0,1.0,1.0,0.0,80.0,1.0,0.0,1.0,0.0
201700025632,17,1,28,1140,1,1,1,2.0,6.0,13,RD1089-ENTRSTATION TOTAL,M,44.8677,-0.49291,330,2,89,,,3.0,4.0,49.0,175.0,0.0,1.0,0.0,0.0,0.0,2.0,0.0,1.0,0.0
201700025633,17,2,7,1000,1,2,2,1.0,3.0,63,SCOOTER=>CHEMINADE,M,44.8279,-0.59325,330,4,,,,3.0,8.0,,,0.0,3.0,1.0,0.0,0.0,2.0,0.0,1.0,0.0
201700025634,17,2,8,1545,1,2,3,1.0,6.0,63,"61, CRS DE LA SOMME",M,44.8281,-0.57238,330,4,,,,2.0,2.0,,,0.0,1.0,1.0,0.0,0.0,1.0,0.0,1.0,0.0
201700025635,17,2,9,2000,5,2,1,1.0,6.0,281,PIET>NoPAIRS/VL>CENTRE.,M,44.8451,-0.6528,330,4,,,,2.0,2.0,,,0.0,1.0,1.0,0.0,300.0,1.0,0.0,1.0,0.0
201700025636,17,2,9,1215,1,2,1,1.0,6.0,63,87CRS V.HUGO/BUHAN,M,44.8352,-0.57029,330,4,,,,3.0,2.0,,,0.0,1.0,1.0,0.0,0.0,1.0,0.0,1.0,0.0
201700025637,17,2,7,1710,1,2,1,1.0,6.0,75,5 ALL DU BRION,M,44.8768,-0.60858,330,4,,,,2.0,2.0,,,0.0,1.0,1.0,14.0,81.0,1.0,0.0,1.0,0.0
201700025638,17,2,12,400,5,2,3,1.0,6.0,63,ESPRITS DES LOIS/CONDE,M,44.843,-0.57316,330,4,,,,1.0,1.0,,,0.0,1.0,1.0,0.0,0.0,2.0,0.0,0.0,0.0
201700025639,17,2,7,1900,3,2,3,1.0,6.0,281,RUE DU JARD/CANEJAN,M,44.846,-0.6392,330,4,,,,2.0,2.0,,,0.0,1.0,1.0,0.0,60.0,1.0,0.0,1.0,0.0
201700025640,17,2,8,1100,1,2,1,1.0,1.0,63,FACE AU N?32 Q.BACALAN,M,44.8579,-0.55872,330,4,,,,3.0,6.0,,,0.0,1.0,1.0,0.0,50.0,1.0,0.0,1.0,0.0
201700025641,17,10,27,705,2,2,3,1.0,3.0,318,AVE JEAN CORDIER,M,44.82018,-0.6108,330,4,0,,,2.0,2.0,,,0.0,1.0,1.0,0.0,0.0,1.0,0.0,1.0,99.0
201700025642,17,2,6,840,1,2,3,1.0,3.0,75,ALL DE BOUTAUT/R.PREVOST,M,44.8693,-0.57618,330,4,,,,2.0,6.0,,,0.0,1.0,1.0,0.0,0.0,1.0,0.0,1.0,0.0
201700025643,17,2,10,1820,2,2,1,1.0,6.0,167,AVE VINCENT AURIOL,M,44.8389,-0.5435,330,4,,,,2.0,2.0,,,0.0,1.0,1.0,0.0,0.0,1.0,0.0,1.0,0.0
201700025644,17,2,11,2113,5,2,3,1.0,7.0,63,"028, QUAI DES CHARTRONS",M,44.85036,-0.56982,330,4,0,,,3.0,7.0,,,3.0,1.0,1.0,0.0,0.0,1.0,4.0,1.0,0.0
201700025645,17,2,16,900,1,2,1,1.0,6.0,63,54CRSPASTEURS/PSTECYCLA.,M,44.8319,-0.57347,330,4,,,,3.0,4.0,,,1.0,1.0,1.0,0.0,0.0,1.0,0.0,5.0,0.0
201700025646,17,2,18,720,2,2,1,1.0,2.0,63,"151, CRS DE LA MARNE",M,44.82857,-0.56243,330,4,0,,,2.0,4.0,,,0.0,2.0,1.0,0.0,59.0,1.0,0.0,1.0,0.0
201700025647,17,2,17,945,1,2,2,1.0,1.0,63,MAL JOFFRE/CURSOL,M,44.8348,-0.57835,330,4,,,,2.0,2.0,,,0.0,1.0,1.0,0.0,0.0,1.0,0.0,1.0,0.0
201700025648,17,2,17,1035,1,2,1,1.0,6.0,63,20PARLEMNT STE-CATHERINE,M,44.8406,-0.57328,330,4,,,,1.0,1.0,,,0.0,1.0,1.0,0.0,620.0,1.0,6.0,0.0,0.0
201700025649,17,2,17,910,1,2,1,1.0,3.0,63,"61, RUE GEORGES BONNAC",M,44.8402,-0.58412,330,4,,,,2.0,3.0,,,0.0,1.0,1.0,0.0,0.0,1.0,0.0,0.0,0.0
201700025650,17,2,18,1750,1,2,4,1.0,6.0,63,VL>THIER/PIET>ROUZIC,M,44.8428,-0.55044,330,4,,,,2.0,2.0,,,0.0,1.0,1.0,0.0,67.0,1.0,0.0,1.0,0.0
201700025651,17,2,12,1910,5,2,1,1.0,2.0,63,"54, CRS DE LA MARTINIQUE",M,44.8537,-0.57096,330,4,,,,2.0,2.0,,,0.0,1.0,1.0,0.0,0.0,1.0,0.0,0.0,0.0
201700025652,17,2,23,440,5,2,3,1.0,3.0,63,BD JOLIOT CURIE/CRF FEUX,M,44.8363,-0.55012,330,4,,,,2.0,4.0,,,0.0,3.0,2.0,0.0,0.0,1.0,0.0,0.0,0.0
201700025653,17,2,18,1930,5,2,1,1.0,7.0,39,R.F.BUISSON=>A.LABRO,M,44.8039,-0.55832,330,4,,,,2.0,2.0,,,0.0,1.0,1.0,0.0,365.0,1.0,0.0,0.0,0.0
201700025654,17,2,17,2011,5,2,3,1.0,3.0,192,ALL G.RODRIGUES/ALL PINS,M,44.7717,-0.6095,330,4,,,,2.0,2.0,,,0.0,0.0,1.0,0.0,80.0,1.0,0.0,1.0,0.0
201700025655,17,2,22,2115,5,2,1,1.0,1.0,63,19Q.PALUDATE/CH.DOMERCQ,M,44.8296,-0.5555,330,4,,,,3.0,4.0,,,0.0,1.0,1.0,14.0,229.0,1.0,0.0,1.0,0.0
201700025656,17,2,25,2050,5,2,3,1.0,1.0,522,CRS GAMBETTA/BERTHELOT,M,44.8191,-0.58446,330,4,,,,2.0,2.0,,,0.0,1.0,1.0,0.0,30.0,1.0,0.0,1.0,0.0
201700025657,17,3,1,2340,5,2,2,2.0,1.0,63,CRS ST LOUIS/CRS MEDOC,M,44.8599,-0.56876,330,4,,,,2.0,4.0,,,0.0,1.0,1.0,0.0,0.0,2.0,0.0,1.0,0.0
201700025658,17,2,23,730,5,2,6,1.0,1.0,281,PL>DASSAULT/VELO>PREVERT,M,44.8428,-0.67,330,4,,,,1.0,1.0,,,0.0,1.0,1.0,0.0,0.0,1.0,0.0,0.0,0.0
201700025659,17,2,16,835,1,2,3,1.0,1.0,63,P.KERGOMARD/DUBOURDIEU,M,44.8232,-0.57515,330,4,,,,2.0,2.0,,,0.0,1.0,1.0,40.0,50.0,1.0,0.0,1.0,0.0
201700025660,17,3,5,1940,5,2,4,1.0,6.0,63,R.SEIGLIERE/F.BUISSON,M,44.8241,-0.5507,330,4,,,,1.0,1.0,,,0.0,1.0,3.0,0.0,40.0,1.0,0.0,1.0,0.0
201700025661,17,3,3,1800,2,2,3,2.0,6.0,63,179 CRS DE LA MARNE,M,44.8284,-0.56181,330,4,,,,2.0,3.0,,,0.0,1.0,1.0,0.0,0.0,2.0,6.0,1.0,0.0
201700025662,17,3,2,1825,1,2,2,1.0,5.0,63,R.BILLAUDEL/R.FIEFFE,M,44.8232,-0.56278,330,4,,,,1.0,1.0,,,0.0,2.0,1.0,0.0,0.0,1.0,0.0,1.0,0.0
201700025663,17,3,7,1252,1,2,1,2.0,6.0,63,STATSTMICHEL>BEGLES,M,44.8346,-0.56353,330,4,,,,2.0,9.0,,,3.0,1.0,1.0,0.0,0.0,2.0,4.0,1.0,0.0
201700025664,17,3,6,830,1,1,1,6.0,3.0,281,DE L'ARGONNE=>ROCADE,M,44.8132,-0.69287,330,4,,,,2.0,2.0,,,0.0,1.0,1.0,0.0,80.0,2.0,0.0,1.0,0.0
201700025665,17,3,6,700,2,2,3,3.0,3.0,69,AV LIBERATION/J.PREVERT,M,44.8696,-0.61065,330,4,,,,1.0,1.0,,,0.0,1.0,1.0,0.0,0.0,2.0,0.0,0.0,0.0
201700025666,17,3,6,2230,5,2,1,2.0,6.0,192,PLBEAUSOLEIL-PIETON?DRTE,M,44.7575,-0.62495,330,4,,,,1.0,1.0,,,0.0,1.0,2.0,0.0,0.0,2.0,0.0,1.0,0.0
201700025667,17,3,2,1605,1,2,3,1.0,6.0,63,184 BDGEORGEV/L.BARTHOU,M,44.8214,-0.58292,330,4,,,,2.0,5.0,,,0.0,1.0,1.0,0.0,0.0,2.0,0.0,0.0,0.0
201700025668,17,3,4,200,5,2,2,2.0,3.0,200,JMERMOZ/PASTEUR/STMEDARD,M,44.8649,-0.66461,330,4,,,,2.0,3.0,,,0.0,1.0,1.0,34.0,169.0,2.0,0.0,0.0,0.0
201700025669,17,3,9,1555,1,2,1,1.0,6.0,63,33EDELACROIX-GARE>BEGLES,M,44.8225,-0.55182,330,4,,,,0.0,4.0,,,3.0,0.0,0.0,0.0,0.0,1.0,4.0,1.0,0.0
201700025670,17,3,9,1712,1,2,1,1.0,6.0,63,"32,PL A.MEUNIER MUREINE",M,44.8293,-0.56141,330,4,,,,2.0,2.0,,,0.0,1.0,1.0,0.0,0.0,1.0,0.0,1.0,0.0
201700025671,17,3,10,1130,1,2,2,1.0,3.0,63,VA>ECOLENORMALE-VB>BX,M,44.847,-0.609,330,4,,,,2.0,2.0,,,0.0,1.0,1.0,0.0,0.0,1.0,0.0,1.0,0.0
201700025672,17,3,10,2250,3,2,1,1.0,6.0,63,ALL DE BRISTOL,M,44.84636,-0.57321,330,4,0,,,1.0,3.0,,,0.0,1.0,1.0,0.0,0.0,1.0,0.0,1.0,0.0
201700025673,17,3,10,2330,5,2,1,1.0,3.0,63,VLZ-VELO>PCEQUINCONCES,M,44.841,-0.56922,330,4,,,,3.0,9.0,,,0.0,1.0,1.0,0.0,0.0,0.0,0.0,1.0,0.0
201700025674,17,3,13,1300,1,2,1,1.0,3.0,249,"10, QUAI NUMA SENSINE",M,44.8769,-0.53462,330,4,,,,2.0,2.0,,,0.0,1.0,1.0,0.0,0.0,1.0,0.0,1.0,0.0
201700025675,17,3,15,1650,1,2,2,1.0,6.0,63,CRS GAMBETTA/F.ROOSEVELT,M,44.8212,-0.58287,330,4,,,,2.0,2.0,,,3.0,1.0,1.0,0.0,0.0,1.0,0.0,0.0,0.0
201700025676,17,3,15,2015,5,2,1,1.0,3.0,63,25 AVE THIERS=>CENON,M,44.8414,-0.55801,330,4,,,,3.0,8.0,,,0.0,1.0,1.0,0.0,0.0,1.0,4.0,1.0,0.0
201700025677,17,3,16,1936,5,2,3,1.0,6.0,63,PIET>HABITA/TRAM>BACALAN,M,44.8503,-0.56989,330,4,,,,2.0,10.0,,,0.0,1.0,1.0,0.0,0.0,1.0,4.0,1.0,0.0
201700025678,17,3,18,1640,1,2,3,1.0,3.0,63,CRS V.HUGO/FUSTERIE,M,44.8362,-0.56635,330,4,,,,2.0,2.0,,,0.0,1.0,1.0,0.0,0.0,1.0,0.0,0.0,0.0
201700025679,17,3,14,1400,1,2,3,1.0,3.0,32,R.PDT COTY/CHATEAUBRIAND,M,44.9033,-0.51124,330,4,,,,2.0,2.0,,,0.0,1.0,1.0,0.0,0.0,1.0,0.0,1.0,0.0
201700025680,17,3,14,1608,1,2,1,1.0,1.0,167,179R.E.COMBES,M,44.8338,-0.54095,330,4,,,,2.0,1.0,,,0.0,1.0,2.0,0.0,0.0,1.0,0.0,1.0,0.0
201700025681,17,3,11,1330,1,2,2,1.0,3.0,522,"A,CLEMENCEAU/B,MATTEOTI",M,44.8041,-0.5957,330,4,,,,2.0,2.0,,,0.0,1.0,1.0,0.0,0.0,1.0,0.0,1.0,0.0
201700025682,17,3,18,2015,5,2,1,1.0,2.0,63,BDJOLIOT-CURIE=>BORDEAUX,M,44.8361,-0.55041,330,4,,,,3.0,5.0,,,0.0,1.0,1.0,0.0,0.0,1.0,0.0,1.0,0.0
201700025683,17,3,7,1620,1,2,3,1.0,6.0,249,25MENDESFR/CANTELAUDETTE,M,44.8799,-0.51361,330,4,,,,2.0,4.0,,,0.0,2.0,1.0,0.0,0.0,2.0,0.0,0.0,0.0
201700025684,17,3,21,1320,1,2,1,2.0,6.0,63,"35, PCE GAMBETTA",M,44.8414,-0.58107,330,4,,,,2.0,3.0,,,0.0,1.0,1.0,0.0,0.0,2.0,0.0,1.0,0.0
201700025685,17,3,13,1250,1,2,2,8.0,6.0,281,AVE DE LA SOMME,M,44.82888,-0.66467,330,4,0,,,2.0,3.0,,,0.0,1.0,1.0,0.0,0.0,1.0,0.0,1.0,0.0
201700025686,17,2,27,2345,5,2,5,2.0,3.0,63,VLBDE LARMINAT=>POMPIDOU,M,44.8333,-0.59873,330,4,,,,2.0,5.0,,,0.0,1.0,1.0,140.0,200.0,2.0,0.0,0.0,0.0
201700025687,17,3,22,1920,1,2,3,1.0,6.0,63,BD GEORGE V =>BAR BEGLES,M,44.8253,-0.58937,330,4,,,,2.0,5.0,,,0.0,1.0,1.0,0.0,0.0,2.0,0.0,1.0,0.0
201700025688,17,3,23,2045,3,2,3,1.0,3.0,63,QUAI DE PALUDATE,M,44.82943,-0.55479,330,4,0,,,3.0,7.0,,,0.0,1.0,2.0,300.0,170.0,1.0,0.0,1.0,0.0