Num_Acc,an,mois,jour,hrmn,lum,agg,int,atm,col,com,adr,gps,lat,long,dep,catr,voie,v1,v2,circ,nbv,pr,pr1,vosp,prof,plan,lartpc,larrout,surf,infra,situ,env1
201700025689,17,3,20,1500,1,2,2,1.0,3.0,200,AVE PASTEUR/V.HUGO,M,44.8768,-0.67989,330,4,,,,2.0,3.0,,,0.0,1.0,1.0,0.0,0.0,1.0,0.0,1.0,0.0
201700025690,17,3,21,1710,1,2,2,1.0,3.0,162,R.ANDRE BLANC/BLAHERAUT,M,44.8785,-0.64137,330,4,,,,2.0,0.0,,,0.0,1.0,1.0,0.0,62.0,2.0,0.0,1.0,0.0
201700025691,17,3,23,850,1,2,4,2.0,3.0,281,RUE JARD/RAOUL AMAT,M,44.843,-0.6395,330,4,,,,2.0,5.0,,,1.0,1.0,1.0,0.0,900.0,2.0,0.0,1.0,0.0
201700025692,17,3,23,2105,5,2,3,1.0,1.0,522,RTE DE TOULOUSE/F.SEVENE,M,44.8076,-0.57349,330,4,,,,2.0,3.0,,,0.0,1.0,1.0,0.0,0.0,1.0,0.0,1.0,0.0
201700025693,17,3,25,2135,5,2,1,1.0,2.0,63,61BD PDT F.ROOSEVELT,M,44.8193,-0.57986,330,4,,,,3.0,4.0,,,0.0,1.0,1.0,7.0,19.0,1.0,0.0,1.0,0.0
201700025694,17,3,27,1500,1,2,2,1.0,6.0,63,VL:FR.SOURDIS>MAL JUIN,M,44.8343,-0.58855,330,4,,,,3.0,7.0,,,0.0,1.0,1.0,0.0,0.0,1.0,0.0,1.0,0.0
201700025695,17,3,24,1505,1,2,1,1.0,6.0,318,25R.CIBOULETTE-RESARAGO1,M,44.7978,-0.64736,330,4,,,,1.0,1.0,,,0.0,1.0,1.0,0.0,31.0,1.0,0.0,4.0,0.0
201700025696,17,3,24,745,1,2,3,1.0,1.0,281,"18, AVE DU MARECHAL LECL",M,44.83982,-0.64681,330,4,0,,,1.0,1.0,,,0.0,1.0,1.0,0.0,0.0,1.0,0.0,1.0,0.0
201700025697,17,3,24,815,1,2,3,1.0,1.0,162,AV ST-MEDARD/G.TILLON,M,44.8631,-0.65526,330,4,,,,2.0,2.0,,,0.0,1.0,1.0,0.0,0.0,1.0,0.0,0.0,0.0
201700025698,17,3,30,1700,1,2,3,1.0,6.0,63,55/57FONDAUDEGE/CH.GRUET,M,44.8469,-0.58051,330,4,,,,1.0,3.0,,,0.0,1.0,1.0,0.0,0.0,1.0,0.0,1.0,0.0
201700025699,17,3,24,45,5,2,3,1.0,1.0,281,AVE DE VERDUN/AV G.PERI,M,44.8413,-0.64441,330,4,,,,2.0,2.0,,,0.0,1.0,1.0,0.0,0.0,1.0,0.0,1.0,0.0
201700025700,17,3,27,1800,1,2,6,1.0,1.0,281,AV SOMME/MATOSINHOS,M,44.8306,-0.65767,330,4,,,,2.0,3.0,,,0.0,1.0,3.0,0.0,66.0,1.0,0.0,1.0,0.0
201700025701,17,3,28,1340,1,2,1,1.0,1.0,522,LIBERATION (CRS DE LA),M,44.80725,-0.5915,330,4,0,,,3.0,4.0,,,0.0,1.0,1.0,0.0,0.0,1.0,0.0,1.0,0.0
201700025702,17,4,1,1555,1,2,1,1.0,6.0,63,"A REPUBLIQUE?12,30MVERTE",M,44.8398,-0.60477,330,4,,,,1.0,2.0,,,1.0,1.0,1.0,0.0,0.0,2.0,0.0,1.0,0.0
201700025703,17,4,1,2200,5,2,3,1.0,1.0,63,"9, RUE KLEBER/LAFONTAINE",M,44.827,-0.57024,330,4,,,,1.0,1.0,,,0.0,1.0,1.0,0.0,97.0,2.0,0.0,0.0,0.0
201700025704,17,3,26,1835,1,2,1,1.0,1.0,39,ENTRE GIRAT ET M.SEMBAT,M,44.8205,-0.5401,330,4,,,,3.0,4.0,,,0.0,1.0,1.0,0.0,0.0,1.0,0.0,0.0,0.0
201700025705,17,3,31,1540,1,2,3,1.0,1.0,63,JOLIOT-CURIE BRET=>SOUYS,M,44.8363,-0.55012,330,4,,,,3.0,5.0,,,0.0,1.0,1.0,0.0,0.0,2.0,0.0,1.0,0.0
201700025706,17,4,3,1345,1,2,3,1.0,1.0,63,RDPTTASSIGNY/PINS FRANC,M,44.8583,-0.6233,330,4,,,,2.0,4.0,,,0.0,1.0,1.0,0.0,0.0,1.0,0.0,0.0,0.0
201700025707,17,4,5,1045,1,2,2,1.0,6.0,63,BDMALLECLERC/RUEORNANO,M,44.8314,-0.5983,330,4,,,,2.0,2.0,,,0.0,1.0,1.0,0.0,0.0,1.0,0.0,1.0,0.0
201700025708,17,3,30,1730,1,2,1,1.0,6.0,522,AP.PREVOS>PEY-BERLAND,M,44.8059,-0.60299,330,4,,,,2.0,4.0,,,0.0,1.0,1.0,0.0,0.0,1.0,0.0,1.0,0.0
201700025709,17,4,3,1615,1,2,1,1.0,6.0,522,"342, RUE F.SEVENE",M,44.8074,-0.57457,330,4,,,,0.0,2.0,,,0.0,1.0,0.0,0.0,0.0,1.0,0.0,1.0,0.0
201700025710,17,4,1,1225,1,2,1,1.0,4.0,162,EXD1215_A630=>STMEDARD,M,44.8714,-0.65748,330,4,1215,,,3.0,2.0,0.0,591.0,0.0,1.0,1.0,85.0,45.0,2.0,0.0,1.0,0.0
201700025711,17,4,6,1625,1,1,3,1.0,3.0,200,MOTO>ROCADE/VL>STM?DARD,M,44.8608,-0.69228,330,4,,,,2.0,2.0,,,0.0,1.0,1.0,0.0,0.0,1.0,0.0,1.0,0.0
201700025712,17,4,12,1555,1,2,3,1.0,4.0,63,SOUYS/SEMBAT=>BASTIDE,M,44.8336,-0.55007,330,4,,,,2.0,3.0,,,0.0,1.0,1.0,0.0,0.0,1.0,0.0,1.0,0.0
201700025713,17,4,10,1240,1,2,3,1.0,3.0,162,AVE DU TAILLAN-MEDOC,M,44.87645,-0.64107,330,4,0,,,2.0,2.0,,,0.0,1.0,1.0,0.0,0.0,1.0,0.0,1.0,0.0
201700025714,17,4,4,1855,1,2,3,1.0,1.0,162,AVE DE SAINT-MEDARD,M,44.86265,-0.65056,330,4,0,,,2.0,4.0,,,0.0,1.0,1.0,0.0,0.0,1.0,0.0,1.0,0.0
201700025715,17,4,6,2100,5,2,1,1.0,3.0,39,"163/165, BD ALBERT 1ER",M,44.8132,-0.56327,330,4,,,,2.0,4.0,,,3.0,2.0,1.0,14.0,117.0,1.0,0.0,1.0,0.0
201700025716,17,4,6,1600,1,2,1,1.0,6.0,63,GCLEMENCEAU=>PLGAMBETTA,M,44.8447,-0.57818,330,4,,,,3.0,4.0,,,0.0,1.0,3.0,0.0,0.0,1.0,0.0,1.0,0.0
201700025717,17,4,6,1100,1,2,1,1.0,6.0,63,GIRATOIREPLEUROPEGRDPARC,M,44.8594,-0.58198,330,4,,,,2.0,2.0,,,0.0,1.0,0.0,0.0,0.0,1.0,0.0,1.0,0.0
201700025718,17,4,15,2140,5,2,2,1.0,1.0,281,AVENUE DE PEYCHOTTE,M,44.82572,-0.62816,330,4,0,,,2.0,3.0,,,0.0,1.0,1.0,0.0,0.0,1.0,0.0,,0.0
201700025719,17,4,8,125,5,2,2,1.0,3.0,63,R.TAUZIA/RUE DE SAGET,M,44.8283,-0.55722,330,4,,,,2.0,3.0,,,0.0,1.0,1.0,69.0,210.0,1.0,0.0,1.0,0.0
201700025720,17,4,8,230,5,2,1,1.0,1.0,63,"47, CRS DE VERDUN",M,44.8507,-0.57452,330,4,,,,2.0,2.0,,,3.0,1.0,1.0,0.0,160.0,1.0,4.0,1.0,0.0
201700025721,17,4,6,1340,1,2,4,1.0,6.0,39,R.ALEXISLABRO/PASS LABRO,M,44.7891,-0.56509,330,4,,,,2.0,4.0,,,0.0,1.0,2.0,0.0,0.0,1.0,0.0,1.0,0.0
201700025722,17,4,12,820,1,2,2,1.0,3.0,39,RUE DE LA BELLE ROSE,M,44.81136,-0.54984,330,4,0,,,1.0,1.0,,,0.0,1.0,1.0,0.0,0.0,1.0,0.0,1.0,0.0
201700025723,17,4,11,1815,1,2,1,1.0,6.0,63,"110, RUE LUCIEN FAURE",M,44.8645,-0.55885,330,4,,,,3.0,4.0,,,0.0,1.0,1.0,0.0,70.0,1.0,0.0,1.0,0.0
201700025724,17,3,13,1855,1,2,1,1.0,1.0,63,4M.CRAUSTE ACCES PARKING,M,44.8359,-0.58784,330,4,,,,2.0,3.0,,,0.0,1.0,1.0,0.0,90.0,1.0,0.0,1.0,0.0
201700025725,17,4,11,1610,1,2,3,1.0,6.0,63,PCE DE LA BOURSE,M,44.84145,-0.57045,330,4,0,,,1.0,1.0,,,0.0,1.0,1.0,0.0,0.0,1.0,0.0,1.0,0.0
201700025726,17,4,17,130,5,2,2,1.0,1.0,63,CRS YSER/RUE LAFONTAINE,M,44.8269,-0.56922,330,4,,,,2.0,2.0,,,0.0,1.0,1.0,0.0,71.0,1.0,0.0,1.0,0.0
201700025727,17,4,7,2120,5,2,6,1.0,1.0,39,R.FRERE LUMIERE/G.EIFFEL,M,44.7963,-0.53493,330,4,,,,3.0,1.0,,,0.0,1.0,1.0,15.0,65.0,1.0,0.0,1.0,0.0
201700025728,17,4,12,705,2,2,2,1.0,6.0,75,VULAROQ>RAVEZI/PIE>LAROQ,M,44.874,-0.57684,330,4,,,,3.0,6.0,,,0.0,1.0,1.0,0.0,0.0,1.0,0.0,1.0,0.0
201700025729,17,4,12,1525,1,2,1,1.0,6.0,63,32CRSV.HUGO(-30MMENUTS),M,44.8357,-0.5678,330,4,,,,2.0,4.0,,,0.0,2.0,1.0,0.0,120.0,1.0,0.0,1.0,0.0
201700025730,17,4,14,1715,1,2,3,1.0,6.0,192,VL>SITEUNIVERSITAIRE,M,44.7888,-0.61226,330,4,,,,2.0,2.0,,,0.0,1.0,1.0,0.0,0.0,1.0,0.0,1.0,0.0
201700025731,17,4,14,530,5,2,3,1.0,6.0,63,"48,ETCHENIQUE/MACCARTHY",M,44.8435,-0.61512,330,4,,,,1.0,1.0,,,0.0,1.0,1.0,0.0,0.0,1.0,0.0,1.0,0.0
201700025732,17,4,7,930,1,2,1,1.0,1.0,281,99/72AV STMEDARD=>ROCADE,M,44.8624,-0.64571,330,4,,,,2.0,4.0,,,0.0,1.0,1.0,0.0,0.0,1.0,0.0,1.0,0.0
201700025733,17,4,11,750,1,2,1,1.0,6.0,550,138LEOGN-CTREALL-2ABRISB,M,44.7566,-0.58443,330,4,,,,3.0,3.0,,,0.0,1.0,1.0,0.0,0.0,1.0,0.0,1.0,3.0
201700025734,17,4,18,1245,1,2,1,1.0,2.0,63,"9, RUE DOMION CAUD",M,44.85729,-0.6241,330,4,0,,,2.0,2.0,,,0.0,1.0,1.0,0.0,0.0,1.0,0.0,1.0,0.0
201700025735,17,4,22,110,5,2,3,1.0,1.0,63,CRS VICTOR HUGO,M,44.83494,-0.57374,330,4,0,,,2.0,1.0,,,0.0,1.0,1.0,0.0,0.0,1.0,0.0,0.0,0.0
201700025736,17,4,22,2140,5,2,4,1.0,2.0,63,BD DU PRESIDENT WILSON,M,44.84542,-0.59879,330,4,0,,,1.0,,,,0.0,1.0,1.0,0.0,40.0,1.0,0.0,1.0,0.0
201700025737,17,4,22,130,5,2,2,1.0,3.0,63,"54, RUE LAGRANGE/MANDRON",M,44.8531,-0.58001,330,4,,,,2.0,2.0,,,0.0,1.0,1.0,0.0,0.0,1.0,0.0,1.0,0.0
201700025738,17,4,20,2110,2,2,2,1.0,1.0,522,VIEILLETOURDIDEROT>LAVOI,M,44.8147,-0.60065,330,4,,,,2.0,2.0,,,0.0,1.0,1.0,0.0,104.0,1.0,0.0,0.0,0.0
201700025739,17,4,21,1605,1,2,1,1.0,6.0,63,77CONDILLAC>GRDS HOMMES,M,44.8445,-0.57777,330,4,,,,2.0,2.0,,,0.0,1.0,1.0,0.0,0.0,1.0,0.0,1.0,0.0
201700025740,17,4,25,2300,5,2,2,1.0,1.0,281,DASSAULT (AVE MARCEL),M,44.84351,-0.67298,330,1,630,,,1.0,1.0,16.0,0.0,0.0,4.0,1.0,0.0,0.0,1.0,3.0,1.0,0.0
201700025741,17,5,7,730,1,2,4,1.0,6.0,63,LECLERC/MARTIN=>MERIGNAC,M,44.8312,-0.59824,330,4,,,,2.0,0.0,,,0.0,1.0,1.0,0.0,0.0,1.0,0.0,0.0,0.0
201700025742,17,4,22,1750,1,2,2,1.0,3.0,63,TRAM>CENON/VL>BXCHABRELY,M,44.8424,-0.5562,330,4,,,,3.0,8.0,,,0.0,1.0,1.0,0.0,0.0,1.0,4.0,1.0,0.0
201700025743,17,4,29,459,5,2,3,1.0,6.0,249,AVE DE PARIS - ROC EXT,M,44.8812,-0.51032,330,2,230,,,1.0,2.0,43.0,875.0,0.0,1.0,1.0,0.0,0.0,0.0,3.0,0.0,0.0
201700025744,17,5,2,820,1,2,2,1.0,3.0,162,AVE DU MEDOC,M,44.88014,-0.62766,330,1,630,,,1.0,2.0,10.0,410.0,0.0,3.0,1.0,0.0,0.0,1.0,3.0,,0.0
201700025745,17,4,30,330,5,2,2,1.0,3.0,63,VL>QUAIS/VELO>GARE,M,44.8283,-0.55722,330,4,,,,2.0,3.0,,,0.0,1.0,1.0,0.0,16.0,1.0,4.0,1.0,0.0
201700025746,17,5,3,2008,1,2,4,1.0,1.0,522,215CRSGAMBETTA/J.JUILLAC,M,44.8141,-0.58879,330,4,,,,3.0,4.0,,,0.0,1.0,1.0,0.0,25.0,1.0,0.0,1.0,0.0
201700025747,17,5,4,1208,1,2,3,1.0,6.0,63,33FERMERICHEMTMOBPROJETE,M,44.8363,-0.57259,330,4,,,,1.0,1.0,,,0.0,1.0,4.0,0.0,806.0,1.0,0.0,1.0,0.0
201700025748,17,5,6,1,5,2,2,1.0,3.0,63,RUE DU PALAIS GALLIEN,M,44.84265,-0.58143,330,4,0,,,1.0,1.0,,,0.0,1.0,1.0,0.0,0.0,2.0,0.0,0.0,0.0
201700025749,17,5,7,1800,1,2,2,1.0,1.0,63,E.VAILLAN/RACCORDEMENT,M,44.8646,-0.56376,330,4,,,,2.0,5.0,,,0.0,1.0,1.0,0.0,0.0,1.0,0.0,1.0,0.0
201700025750,17,5,5,1310,1,2,1,8.0,6.0,63,"27, ALL DE TOURNY",M,44.8447,-0.57661,330,4,,,,1.0,4.0,,,0.0,1.0,1.0,0.0,30.0,1.0,0.0,1.0,0.0
201700025751,17,5,5,745,1,2,3,1.0,1.0,63,BDJ-CURIE/QUAIS>PTSTJEAN,M,44.8363,-0.55012,330,4,,,,3.0,4.0,,,0.0,1.0,1.0,0.0,0.0,1.0,0.0,1.0,0.0
201700025752,17,5,10,1015,1,2,2,1.0,3.0,63,R.VELODROME/R.GODARD,M,44.8553,-0.60926,330,4,,,,2.0,2.0,,,0.0,4.0,1.0,0.0,51.0,1.0,0.0,1.0,0.0
201700025753,17,5,9,1625,1,2,3,1.0,6.0,63,VELO VENANT DE MONTBAZON,M,44.8384,-0.57947,330,4,,,,1.0,1.0,,,0.0,1.0,1.0,0.0,0.0,1.0,0.0,1.0,0.0
201700025754,17,5,10,1615,1,2,2,1.0,3.0,63,JUDAIQUE/MARIONNEAU,M,44.8412,-0.5867,330,4,,,,1.0,2.0,,,0.0,1.0,1.0,0.0,0.0,1.0,0.0,1.0,0.0
201700025755,17,5,6,935,1,2,2,1.0,3.0,550,ALSACELORRAINE/LAMARTINE,M,44.762,-0.58389,330,4,,,,2.0,2.0,,,0.0,1.0,1.0,0.0,0.0,1.0,0.0,1.0,0.0
201700025756,17,3,28,1550,1,2,1,1.0,4.0,63,289BD A.DANEY>PL.R.MARAN,M,44.8718,-0.56179,330,4,,,,2.0,4.0,,,0.0,1.0,1.0,0.0,0.0,1.0,0.0,1.0,0.0
201700025757,17,5,9,2050,1,2,3,1.0,6.0,522,"552, CRS DE LA LIBERATIO",M,44.80095,-0.5951,330,4,0,,,2.0,2.0,,,0.0,1.0,1.0,0.0,0.0,1.0,0.0,1.0,0.0
201700025758,17,5,14,1450,1,2,2,1.0,3.0,63,RUE DE BEGLES/MALBEC,M,44.8237,-0.56584,330,4,,,,2.0,2.0,,,0.0,2.0,1.0,0.0,0.0,1.0,0.0,1.0,0.0
201700025759,17,5,13,1430,1,2,3,1.0,1.0,63,50AV 40JOURNAUX/AUCHAN,M,44.8787,-0.56846,330,4,,,,2.0,3.0,,,0.0,1.0,1.0,0.0,0.0,1.0,0.0,1.0,0.0
201700025760,17,5,16,736,1,2,4,1.0,1.0,63,RUE CHARLES DOMERCQ,M,44.82734,-0.55638,330,4,0,,,3.0,3.0,,,0.0,1.0,1.0,0.0,0.0,1.0,0.0,0.0,0.0
201700025761,17,5,12,235,5,1,3,1.0,2.0,90,HTLEVEQUE/STIE-A63-26A,M,44.7784,-0.6463,330,1,63,,,1.0,1.0,1.0,800.0,0.0,2.0,3.0,0.0,0.0,1.0,3.0,0.0,0.0
201700025762,17,5,12,2345,5,2,3,1.0,6.0,63,DESCHAMPS>JOLIOT-CURIE,M,44.8339,-0.55075,330,4,,,,3.0,3.0,,,0.0,2.0,1.0,0.0,0.0,1.0,0.0,0.0,0.0
201700025763,17,5,13,1910,1,2,2,1.0,3.0,63,VL.A VENANT DE J.JAURES,M,44.8169,-0.57601,330,4,,,,3.0,6.0,,,0.0,1.0,1.0,0.0,0.0,1.0,0.0,1.0,0.0
201700025764,17,5,13,1615,1,1,4,1.0,1.0,281,ML LECLERC/SOMME,M,44.8328,-0.64804,330,4,,,,3.0,4.0,,,0.0,1.0,1.0,0.0,0.0,1.0,0.0,0.0,0.0
201700025765,17,5,10,1010,1,2,2,1.0,1.0,162,TAILLAN-MEDOC/B.TRIAT,M,44.8873,-0.65915,330,4,,,,2.0,2.0,,,0.0,1.0,1.0,0.0,0.0,1.0,0.0,0.0,0.0
201700025766,17,5,17,1250,1,2,3,1.0,6.0,63,VL>RDPT TOURNY/PIETON>?,M,44.8445,-0.57632,330,4,,,,1.0,1.0,,,0.0,1.0,1.0,0.0,0.0,1.0,0.0,1.0,0.0
201700025767,17,2,17,1820,1,2,1,1.0,4.0,63,145 AV THIERS=>BORDEAUX,M,44.8451,-0.55185,330,4,,,,3.0,8.0,,,0.0,1.0,1.0,0.0,0.0,1.0,0.0,1.0,0.0
201700025768,17,5,14,1800,1,2,1,1.0,1.0,63,"126, AVE CHARLES DE GAUL",M,44.84987,-0.60353,330,4,0,,,1.0,3.0,,,0.0,1.0,1.0,0.0,32.0,1.0,0.0,1.0,0.0
201700025769,17,5,18,2330,5,2,2,2.0,1.0,63,GLLARMINAT/PLGAVINIES,M,44.8333,-0.59418,330,4,,,,3.0,6.0,,,0.0,1.0,1.0,0.0,200.0,2.0,0.0,1.0,0.0
201700025770,17,5,18,2047,1,1,4,1.0,5.0,281,VLBC>AEROPORT/VLA>CASSIN,M,44.832,-0.67199,330,1,630,,,1.0,1.0,17.0,276.0,0.0,3.0,1.0,0.0,365.0,2.0,3.0,,0.0
201700025771,17,5,21,420,5,2,1,1.0,6.0,63,"08, RUE ESPRIT-DES-LOIS",M,44.8432,-0.572,330,4,,,,2.0,2.0,,,0.0,2.0,1.0,0.0,171.0,1.0,0.0,1.0,0.0
201700025772,17,5,21,1300,1,2,3,1.0,1.0,63,BDA.DANEY/IMPCOLSTOUN,M,44.8717,-0.56202,330,4,,,,3.0,,,,0.0,1.0,1.0,0.0,0.0,1.0,0.0,1.0,0.0
201700025773,17,5,20,2025,1,2,3,1.0,3.0,63,JSIMON/FBASTIATMOTOCROSS,M,44.8428,-0.54699,330,4,,,,2.0,1.0,,,0.0,1.0,1.0,0.0,0.0,1.0,0.0,1.0,0.0
201700025774,17,5,24,510,5,2,2,1.0,1.0,318,MOTOCROSS-VHS S/GLECLERC,M,44.7823,-0.68897,330,3,214,,,2.0,3.0,0.0,1.0,0.0,1.0,1.0,0.0,0.0,1.0,0.0,0.0,0.0
201700025775,17,5,27,2005,1,2,6,1.0,6.0,318,HORLOGEVOIECTRECOM>SAIGE,M,44.791,-0.63204,330,4,,,,2.0,0.0,,,0.0,1.0,3.0,0.0,0.0,1.0,0.0,1.0,0.0
201700025776,17,5,17,2335,5,2,1,2.0,2.0,63,FACE50BACALAN>PNTPIERRE,M,44.8586,-0.55718,330,4,,,,3.0,7.0,,,0.0,1.0,1.0,0.0,0.0,2.0,0.0,1.0,0.0
201700025777,17,5,26,1651,1,2,1,1.0,6.0,63,"85, QUAI DES CHARTRONS",M,44.85381,-0.56638,330,4,0,,,1.0,9.0,,,0.0,1.0,1.0,0.0,0.0,1.0,0.0,1.0,0.0
201700025778,17,5,29,1945,1,1,1,1.0,2.0,281,25 AV DE BEAUDESERT,M,44.8391,-0.69378,330,4,,,,2.0,2.0,,,0.0,1.0,1.0,0.0,0.0,1.0,0.0,1.0,0.0
201700025779,17,5,22,1145,1,2,2,1.0,1.0,63,L.FAURE/B.STUTTENBERG,M,44.8643,-0.55847,330,4,,,,3.0,6.0,,,3.0,1.0,1.0,30.0,75.0,1.0,0.0,0.0,0.0
201700025780,17,5,20,850,1,2,3,1.0,3.0,192,A>GRADIGNAN / Z>BORDEAUX,M,44.7905,-0.60523,330,4,,,,2.0,6.0,,,0.0,1.0,1.0,10.0,40.0,1.0,0.0,1.0,0.0
201700025781,17,5,22,1705,1,2,2,1.0,6.0,63,CRSA.BRIAND/PCEVICTOIRE,M,44.831,-0.57341,330,4,,,,2.0,2.0,,,0.0,1.0,1.0,0.0,0.0,1.0,0.0,1.0,0.0
201700025782,17,5,23,1915,1,2,2,1.0,1.0,63,ESPRIT-DES-LOIS/J.JAURES,M,44.8432,-0.57106,330,4,,,,1.0,1.0,,,0.0,1.0,1.0,0.0,0.0,1.0,0.0,1.0,0.0
201700025783,17,5,23,1945,1,2,2,1.0,3.0,318,M.DESBATS/AV GRADIGNAN,M,44.8042,-0.62562,330,4,,,,2.0,2.0,,,0.0,1.0,1.0,0.0,0.0,1.0,0.0,1.0,0.0
201700025784,17,5,30,2125,1,2,3,1.0,3.0,63,BDPDTFROOSEVELT/REGIS,M,44.8183,-0.57813,330,4,,,,2.0,4.0,,,0.0,1.0,1.0,0.0,0.0,1.0,0.0,1.0,0.0
201700025785,17,5,26,345,5,2,1,1.0,6.0,249,43AVLIBERATION-PIETOSDF,M,44.8683,-0.52285,330,4,,,,2.0,4.0,,,0.0,1.0,1.0,0.0,0.0,1.0,0.0,1.0,0.0
201700025786,17,5,22,1110,1,2,3,1.0,3.0,281,AVE DE LA MARNE,M,44.83485,-0.62996,330,4,0,,,2.0,2.0,,,0.0,1.0,1.0,0.0,60.0,1.0,0.0,1.0,0.0
201700025787,17,6,2,950,1,2,2,1.0,6.0,63,VLDENOUAUX/PIET>N?PAIRS,M,44.8483,-0.59763,330,4,,,,3.0,4.0,,,0.0,1.0,1.0,0.0,0.0,1.0,0.0,1.0,0.0
201700025788,17,6,1,1635,1,2,3,1.0,1.0,550,AVE DU MARECHAL LECLERC,M,44.7812,-0.56814,330,4,0,,,2.0,2.0,,,0.0,1.0,1.0,0.0,0.0,1.0,0.0,1.0,0.0
201700025789,17,6,2,1500,1,2,1,1.0,3.0,63,55CRS G.CLEMENCEAU,M,44.8442,-0.57848,330,4,,,,2.0,4.0,,,3.0,1.0,1.0,0.0,0.0,1.0,0.0,1.0,0.0
201700025790,17,6,3,1200,1,2,4,2.0,5.0,63,VEHICULES>PCE VICTOIRE,M,44.8317,-0.57338,330,4,,,,3.0,3.0,,,0.0,1.0,1.0,0.0,0.0,2.0,0.0,0.0,0.0
201700025791,17,6,5,2244,5,2,3,1.0,1.0,63,87AV LABARDE/A.FRANCK,M,44.8792,-0.55226,330,4,,,,2.0,2.0,,,0.0,1.0,1.0,0.0,0.0,1.0,0.0,1.0,0.0
201700025792,17,6,5,2225,1,2,1,1.0,6.0,119,15AV J.JAURES/MLJOFFRE,M,44.8539,-0.53744,330,4,,,,3.0,8.0,,,0.0,1.0,1.0,0.0,30.0,1.0,0.0,1.0,0.0
201700025793,17,6,10,2330,5,2,2,1.0,1.0,63,RUE DE BEGLES,M,44.82118,-0.56582,330,4,0,,,1.0,0.0,,,0.0,1.0,1.0,0.0,97.0,1.0,0.0,1.0,0.0
201700025794,17,6,11,1810,1,2,2,1.0,6.0,63,VA>GARE-PIET>N?IMPAIR,M,44.8298,-0.56805,330,4,,,,2.0,3.0,,,0.0,1.0,1.0,0.0,0.0,1.0,0.0,1.0,0.0
201700025795,17,6,10,2028,1,2,2,1.0,6.0,249,4AV PARIS/RUE J.ITEY,M,44.8682,-0.51276,330,4,,,,2.0,2.0,,,0.0,1.0,1.0,0.0,0.0,1.0,0.0,1.0,0.0
201700025796,17,6,14,1945,1,2,2,1.0,6.0,63,392BDPDTWILSON/U.GAYON,M,44.8532,-0.59403,330,4,,,,3.0,2.0,,,0.0,1.0,1.0,0.0,0.0,1.0,0.0,1.0,0.0
201700025797,17,6,17,305,5,2,1,1.0,6.0,63,189 AV ML LATTRETASSIGNY,M,44.8554,-0.61435,330,4,,,,3.0,4.0,,,0.0,1.0,1.0,0.0,0.0,1.0,0.0,1.0,0.0
201700025798,17,6,14,1520,1,2,5,1.0,1.0,281,VA>PAREMPUYRE/VB>L.BLUM,M,44.8525,-0.64517,330,4,,,,2.0,4.0,,,0.0,1.0,1.0,0.0,11.0,1.0,0.0,1.0,0.0
201700025799,17,6,13,1625,1,2,1,1.0,6.0,75,19RTOURGASSIES>MERIGNAC,M,44.8811,-0.61584,330,4,,,,2.0,2.0,,,0.0,1.0,1.0,0.0,0.0,1.0,0.0,1.0,0.0
201700025800,17,6,16,1559,1,2,4,1.0,1.0,167,CRS GAMBETTA,M,44.84364,-0.5306,330,4,0,,,2.0,2.0,,,0.0,1.0,1.0,0.0,0.0,1.0,0.0,1.0,0.0
201700025801,17,6,17,2130,1,2,2,1.0,1.0,281,"401, VERDUN (AVE DE)",M,44.8404,-0.64018,330,4,0,,,2.0,3.0,,,0.0,1.0,1.0,0.0,540.0,1.0,0.0,1.0,0.0
201700025802,17,6,21,920,1,2,1,1.0,6.0,63,20/27 R.CHATEAU D'EAU,M,44.8406,-0.58331,330,4,,,,2.0,3.0,,,0.0,1.0,1.0,0.0,0.0,1.0,0.0,1.0,0.0
201700025803,17,6,22,2130,1,2,2,1.0,3.0,63,BD DU PRESIDENT WILSON,M,44.84829,-0.59762,330,4,0,,,1.0,6.0,,,0.0,1.0,1.0,0.0,189.0,1.0,0.0,1.0,0.0
201700025804,17,6,26,742,2,2,1,1.0,2.0,192,VL ET VELO >MALARTIC,M,44.779,-0.59468,330,4,,,,2.0,2.0,,,0.0,1.0,1.0,0.0,0.0,2.0,0.0,1.0,0.0
201700025805,17,6,26,940,1,2,2,1.0,1.0,63,FAURE/STUTTENBERG/LAWTON,M,44.8643,-0.55847,330,4,,,,3.0,6.0,,,3.0,1.0,1.0,10.0,60.0,1.0,0.0,1.0,0.0
201700025806,17,6,26,1315,1,2,1,1.0,6.0,281,"231, AVE DES EYQUEMS",M,44.8296,-0.64033,330,4,,,,2.0,2.0,,,0.0,1.0,1.0,0.0,58.0,1.0,0.0,1.0,0.0