Num_Acc,an,mois,jour,hrmn,lum,agg,int,atm,col,com,adr,gps,lat,long,dep,catr,voie,v1,v2,circ,nbv,pr,pr1,vosp,prof,plan,lartpc,larrout,surf,infra,situ,env1
201700025807,17,6,29,1820,1,2,1,1.0,5.0,281,VU>CHNLONG/2VL>STJDILLAC,M,44.8137,-0.69023,330,4,,,,2.0,2.0,,,0.0,1.0,3.0,0.0,0.0,1.0,0.0,1.0,0.0
201700025808,17,6,30,550,2,2,1,2.0,6.0,63,VL>RAVESIES/PIETS/GCH-VL,M,44.8628,-0.55664,330,4,,,,3.0,6.0,,,3.0,1.0,1.0,0.0,0.0,2.0,0.0,1.0,0.0
201700025809,17,6,29,2130,5,2,1,2.0,2.0,39,"59, AVE JULES GUESDE",M,44.81081,-0.54911,330,4,0,,,2.0,2.0,,,0.0,1.0,1.0,0.0,100.0,1.0,0.0,1.0,0.0
201700025810,17,7,1,2135,1,2,3,1.0,6.0,63,"249, RUE DE LA BENAUGE",M,44.8419,-0.54551,330,4,0,,,2.0,2.0,,,0.0,1.0,1.0,0.0,0.0,1.0,0.0,1.0,0.0
201700025811,17,7,1,450,5,2,2,9.0,3.0,63,GALLECLERC/STAMAND,M,44.8553,-0.61396,330,4,,,,2.0,3.0,,,2.0,1.0,1.0,0.0,0.0,2.0,0.0,0.0,0.0
201700025812,17,6,30,1230,1,2,1,3.0,2.0,63,BIRHAKEIM=>STALINGRAD,M,44.8381,-0.56329,330,4,,,,2.0,6.0,,,0.0,1.0,1.0,0.0,0.0,2.0,0.0,1.0,0.0
201700025813,17,6,25,2220,5,2,3,1.0,6.0,69,"46, RUE BAUDIN/C.CAMELLE",M,44.8635,-0.58688,330,4,,,,2.0,2.0,,,0.0,1.0,4.0,0.0,65.0,1.0,0.0,1.0,0.0
201700025814,17,6,27,1345,1,2,1,3.0,6.0,550,TOULOUSE=>12J.PAGES,M,44.7804,-0.5657,330,4,,,,2.0,2.0,,,0.0,1.0,1.0,0.0,600.0,2.0,0.0,1.0,0.0
201700025815,17,6,22,1230,1,2,3,1.0,5.0,63,RUE DE PESSAC,M,44.82862,-0.58348,330,4,0,,,2.0,2.0,,,0.0,1.0,1.0,0.0,0.0,1.0,0.0,1.0,0.0
201700025816,17,7,2,2050,5,2,1,1.0,5.0,63,BD JOLIOT-CURIE,M,44.83792,-0.54793,330,4,0,,,3.0,5.0,,,0.0,1.0,1.0,0.0,0.0,1.0,0.0,1.0,0.0
201700025817,17,6,30,1835,1,2,2,2.0,6.0,63,VL(A)>QUAIS,M,44.8612,-0.55788,330,4,,,,1.0,1.0,,,0.0,1.0,1.0,0.0,0.0,2.0,0.0,1.0,0.0
201700025818,17,7,5,1745,1,2,1,1.0,6.0,63,LABARDEAPPSTEMOTO-ILOT,M,44.8994,-0.55247,330,4,,,,2.0,2.0,,,0.0,1.0,1.0,0.0,0.0,1.0,0.0,1.0,0.0
201700025819,17,7,7,40,5,2,2,1.0,3.0,281,VLA>VIGNEAU/CYCLO>BEUTRE,M,44.8289,-0.66452,330,4,,,,2.0,5.0,,,0.0,1.0,1.0,0.0,0.0,1.0,0.0,0.0,0.0
201700025820,17,7,5,2130,2,2,1,1.0,6.0,63,"7, RUE PRESIDENT COTY",M,44.85713,-0.58482,330,4,0,,,0.0,2.0,,,0.0,0.0,0.0,0.0,0.0,0.0,0.0,1.0,0.0
201700025821,17,7,5,1000,1,2,6,1.0,3.0,63,SORTIE GIR VERS CHU,M,44.8257,-0.59842,330,4,,,,2.0,2.0,,,2.0,1.0,4.0,0.0,0.0,1.0,0.0,1.0,0.0
201700025822,17,7,8,2235,5,2,2,1.0,3.0,63,RUE DUBOURDIEU,M,44.82202,-0.57653,330,4,0,,,2.0,2.0,,,0.0,1.0,1.0,0.0,0.0,1.0,0.0,0.0,0.0
201700025823,17,7,10,1525,1,1,1,1.0,6.0,119,227AVCARNOT>LIBOURNE,M,44.8654,-0.51478,330,4,,,,3.0,7.0,,,0.0,1.0,1.0,0.0,0.0,1.0,0.0,1.0,0.0
201700025824,17,7,3,1300,1,2,6,1.0,6.0,63,BD ALFRED DANEY,M,44.87551,-0.55354,330,4,0,,,2.0,2.0,,,0.0,1.0,1.0,0.0,0.0,1.0,0.0,0.0,0.0
201700025825,17,7,5,1945,1,2,3,1.0,3.0,522,"29, RUE BONTEMPS",M,44.80369,-0.57584,330,4,0,,,2.0,,,,0.0,1.0,2.0,0.0,60.0,1.0,0.0,0.0,0.0
201700025826,17,7,7,1425,1,2,3,1.0,6.0,63,BD ANTOINE GAUTIER,M,44.83155,-0.59836,330,4,0,,,2.0,3.0,,,0.0,3.0,1.0,0.0,0.0,1.0,0.0,1.0,0.0
201700025827,17,7,5,738,1,2,6,1.0,6.0,550,PAIX>CADAUJAC,M,44.7657,-0.58005,330,4,,,,2.0,2.0,,,0.0,1.0,1.0,0.0,0.0,1.0,0.0,0.0,0.0
201700025828,17,7,9,445,5,2,2,1.0,3.0,69,VL(A)>EYSINES/VL(Z) ?,M,44.8581,-0.60519,330,4,,,,2.0,2.0,,,0.0,3.0,1.0,0.0,0.0,1.0,0.0,1.0,0.0
201700025829,17,7,11,900,1,2,2,1.0,3.0,281,MERIGNAC (AVENUE DE),M,44.83876,-0.62593,330,4,0,,,2.0,4.0,,,2.0,2.0,1.0,0.0,0.0,1.0,0.0,1.0,0.0
201700025830,17,7,12,1530,1,2,1,1.0,3.0,318,ALL DES TULIPES,M,44.79019,-0.63043,330,4,0,,,2.0,2.0,,,0.0,1.0,1.0,0.0,85.0,1.0,0.0,1.0,0.0
201700025831,17,7,13,1110,1,2,1,1.0,7.0,63,"172, RUE JULES FERRY CAU",M,44.84352,-0.61017,330,4,0,,,2.0,2.0,,,0.0,1.0,0.0,0.0,0.0,1.0,0.0,1.0,0.0
201700025832,17,7,17,1025,1,2,1,1.0,6.0,63,VL(A)>PCERAVEZIES,M,44.8678,-0.57152,330,4,,,,3.0,4.0,,,2.0,1.0,1.0,0.0,0.0,1.0,0.0,1.0,0.0
201700025833,17,7,15,1120,1,2,1,1.0,2.0,39,"83, RUE DURCY",M,44.79878,-0.54803,330,4,0,,,2.0,2.0,,,0.0,1.0,1.0,0.0,0.0,1.0,0.0,1.0,0.0
201700025834,17,7,18,1340,1,2,2,1.0,1.0,63,"9, RUE LUCIEN FAURE",M,44.86599,-0.56101,330,4,0,,,2.0,2.0,,,0.0,1.0,1.0,0.0,0.0,1.0,0.0,1.0,0.0
201700025835,17,7,15,1,5,2,3,1.0,1.0,63,CRS DE LA MARNE,M,44.82981,-0.56799,330,4,0,,,2.0,3.0,,,0.0,1.0,1.0,0.0,0.0,1.0,0.0,1.0,0.0
201700025836,17,7,18,1400,1,2,3,1.0,3.0,63,71CRSVICTORHUGO/LEYTEIRE,M,44.8353,-0.56956,330,4,,,,2.0,4.0,,,0.0,1.0,1.0,0.0,0.0,1.0,0.0,1.0,0.0
201700025837,17,7,13,1300,1,2,3,1.0,1.0,192,VLA>MAUGUETTE/VLB>GAULLE,M,44.7819,-0.62341,330,4,,,,2.0,2.0,,,0.0,1.0,1.0,0.0,0.0,1.0,0.0,0.0,0.0
201700025838,17,7,16,1735,1,2,3,1.0,1.0,75,AVE JEAN JAURES,M,44.87139,-0.59189,330,4,0,,,2.0,2.0,,,0.0,1.0,1.0,0.0,0.0,1.0,0.0,1.0,0.0
201700025839,17,7,16,2200,3,2,2,1.0,3.0,63,GAMBETTA>L.BATHOU,M,44.8213,-0.58277,330,4,,,,2.0,5.0,,,0.0,1.0,1.0,0.0,82.0,1.0,4.0,1.0,0.0
201700025840,17,7,17,1400,1,2,1,1.0,6.0,39,A.LABRO-STA?MUSSONVILLE,M,44.7939,-0.55971,330,4,,,,2.0,4.0,,,0.0,1.0,1.0,0.0,0.0,1.0,0.0,1.0,0.0
201700025841,17,7,20,1845,1,2,3,1.0,1.0,75,AVE DE TERREFORT,M,44.88807,-0.61405,330,4,0,,,2.0,2.0,,,0.0,1.0,1.0,0.0,400.0,1.0,0.0,0.0,0.0
201700025842,17,7,18,2210,5,2,3,2.0,6.0,281,VZ>BX-PIET:STAT>N?IMPAIR,M,44.8273,-0.61372,330,4,,,,3.0,4.0,,,0.0,3.0,1.0,0.0,0.0,1.0,0.0,1.0,0.0
201700025843,17,7,22,2140,1,2,3,1.0,1.0,63,CRS D'ALBRET,M,44.83885,-0.58172,330,4,0,,,2.0,3.0,,,0.0,3.0,1.0,0.0,0.0,1.0,0.0,0.0,0.0
201700025844,17,7,22,1637,1,2,3,1.0,6.0,63,ALSACELORRAINE/STECATHER,M,44.8375,-0.57379,330,4,,,,1.0,1.0,,,0.0,1.0,1.0,0.0,0.0,1.0,0.0,1.0,0.0
201700025845,17,7,26,1615,1,2,1,2.0,1.0,39,117R.F.BUISSON,M,44.798,-0.55765,330,4,,,,2.0,2.0,,,0.0,1.0,1.0,80.0,106.0,2.0,0.0,1.0,3.0
201700025846,17,7,27,1915,1,2,1,1.0,6.0,281,TRAM>BORDEAUXM?M,M,44.8326,-0.64523,330,4,,,,2.0,0.0,,,0.0,1.0,1.0,0.0,0.0,1.0,0.0,1.0,0.0
201700025847,17,7,24,2230,5,2,1,1.0,2.0,63,R.L.FAURE=>LATULE,M,44.8658,-0.56059,330,4,,,,2.0,6.0,,,0.0,1.0,1.0,0.0,0.0,1.0,0.0,1.0,0.0
201700025848,17,8,2,725,1,2,3,1.0,6.0,63,AVE ALSACE LORRAINE CAUD,M,44.8375,-0.57555,330,4,,,,1.0,3.0,,,0.0,1.0,1.0,0.0,0.0,1.0,0.0,0.0,0.0
201700025849,17,7,30,1220,1,2,3,1.0,3.0,318,JEANJAURES/MARCELSEMBAT,M,44.8158,-0.60903,330,4,,,,2.0,0.0,,,0.0,1.0,1.0,0.0,0.0,1.0,0.0,1.0,0.0
201700025850,17,7,29,10,5,2,1,1.0,6.0,75,AVPERIER=>CHAVAILLES,M,44.876,-0.58604,330,4,,,,3.0,2.0,,,0.0,1.0,1.0,435.0,74.0,1.0,0.0,1.0,0.0
201700025851,17,8,3,1720,1,2,1,1.0,3.0,63,"83, AVE THIERS",M,44.84303,-0.55513,330,4,0,,,3.0,8.0,,,0.0,1.0,1.0,0.0,0.0,1.0,0.0,1.0,0.0
201700025852,17,8,8,1455,1,2,4,1.0,1.0,63,VLA>GAMBETTA/VLB>BRIAND,M,44.8349,-0.5805,330,4,,,,1.0,1.0,,,0.0,1.0,1.0,0.0,0.0,1.0,0.0,1.0,0.0
201700025853,17,7,31,1420,1,2,2,1.0,6.0,63,TRAM>DRAVMNT/PIET>IMPAIR,M,44.83759,-0.5738,330,4,,,,2.0,3.0,,,3.0,1.0,1.0,0.0,0.0,1.0,4.0,1.0,0.0
201700025854,17,8,10,2035,1,2,1,1.0,3.0,63,VL>PONTCHABAN/VELOS/PPP,M,44.8342,-0.56264,330,4,,,,3.0,4.0,,,0.0,1.0,1.0,0.0,0.0,1.0,0.0,1.0,0.0
201700025855,17,7,24,1640,1,2,2,1.0,3.0,522,LECLERC (AVE MARECHAL),M,44.80677,-0.59178,330,4,0,,,2.0,5.0,,,0.0,1.0,1.0,0.0,0.0,1.0,0.0,1.0,0.0
201700025856,17,8,15,20,4,2,1,2.0,2.0,318,"360, AVE MAL DE LATTRE D",M,44.75694,-0.73729,330,4,0,,,2.0,4.0,,,0.0,1.0,1.0,0.0,500.0,1.0,0.0,0.0,0.0
201700025857,17,8,10,2200,5,2,1,1.0,6.0,63,VL>PTPIERREPIET:RIVE>N19,M,44.834,-0.56236,330,4,,,,3.0,10.0,,,0.0,1.0,1.0,0.0,0.0,1.0,0.0,1.0,0.0
201700025858,17,8,4,1850,1,2,1,1.0,6.0,63,"41Q.RICHELIEU,COTEFLEUVE",M,44.838,-0.56686,330,4,,,,3.0,7.0,,,0.0,1.0,1.0,0.0,0.0,1.0,0.0,1.0,0.0
201700025859,17,8,13,140,5,2,2,1.0,3.0,63,RUE BELLEVILLE,M,44.83292,-0.58413,330,4,0,,,1.0,1.0,,,0.0,1.0,1.0,0.0,49.0,1.0,0.0,0.0,0.0
201700025860,17,8,11,1435,1,2,1,1.0,6.0,63,"99, CRS DE LA MARNE",M,44.8295,-0.56678,330,4,,,,2.0,3.0,,,0.0,1.0,1.0,0.0,0.0,1.0,0.0,1.0,0.0
201700025861,17,8,21,230,5,2,2,1.0,6.0,63,SENSRIVEGCHE>RIVEDROITE,M,44.8377,-0.54815,330,4,,,,3.0,5.0,,,0.0,1.0,3.0,0.0,0.0,1.0,0.0,1.0,0.0
201700025862,17,8,21,1350,1,2,2,1.0,3.0,162,AVE DU MEDOC,M,44.89302,-0.66812,330,4,0,,,3.0,2.0,,,0.0,1.0,2.0,0.0,32.0,1.0,0.0,1.0,0.0
201700025863,17,8,10,2200,5,2,2,1.0,3.0,63,RUE DE PESSAC,M,44.82754,-0.5859,330,4,0,,,2.0,2.0,,,0.0,1.0,1.0,0.0,104.0,1.0,0.0,1.0,0.0
201700025864,17,8,22,1735,1,2,3,1.0,6.0,63,59AVREPUBLIQUE/SOULAC,M,44.84,-0.60261,330,4,,,,1.0,2.0,,,0.0,1.0,1.0,0.0,0.0,1.0,0.0,0.0,0.0
201700025865,17,8,19,1315,1,2,6,1.0,3.0,249,RUE MICHEL MONTAIGNE,M,44.87155,-0.51642,330,4,0,,,2.0,2.0,,,0.0,1.0,1.0,0.0,500.0,1.0,0.0,0.0,0.0
201700025866,17,8,19,1400,1,2,3,1.0,2.0,318,CANEJAN (AVE DE),M,44.79302,-0.64726,330,4,0,,,3.0,4.0,,,0.0,1.0,1.0,0.0,0.0,1.0,0.0,0.0,0.0
201700025867,17,8,20,1835,1,2,6,1.0,3.0,281,AVE MARCEL DASSAULT,M,44.84054,-0.75211,330,4,0,,,2.0,4.0,,,0.0,1.0,1.0,0.0,0.0,1.0,5.0,1.0,99.0
201700025868,17,8,25,1750,1,2,2,1.0,6.0,63,VL>PLVICTOIRE/PIET>N?IMP,M,44.8302,-0.56988,330,4,,,,0.0,1.0,,,0.0,1.0,1.0,0.0,0.0,1.0,0.0,0.0,0.0
201700025869,17,8,27,2025,2,2,3,1.0,6.0,63,CRS D'ALBRET ARRET BUS,M,44.8368,-0.58113,330,4,,,,2.0,4.0,,,3.0,1.0,1.0,0.0,0.0,1.0,0.0,1.0,0.0
201700025870,17,8,26,1930,1,2,2,1.0,3.0,63,CRS A.BRIAND/TANESSE,M,44.8319,-0.57727,330,4,,,,2.0,2.0,,,0.0,1.0,1.0,0.0,0.0,1.0,0.0,1.0,0.0
201700025871,17,8,29,1530,1,2,2,1.0,3.0,63,VU>PERMENTADE/VL>LEYTEIR,M,44.8343,-0.56955,330,4,,,,1.0,1.0,,,0.0,1.0,1.0,0.0,0.0,1.0,0.0,1.0,0.0
201700025872,17,8,31,210,5,2,3,1.0,6.0,63,VLA:BRIAND>GARESTJEAN,M,44.8309,-0.57317,330,4,,,,2.0,3.0,,,0.0,1.0,1.0,0.0,0.0,1.0,0.0,1.0,0.0
201700025873,17,8,30,1620,1,2,2,1.0,3.0,63,R.YVES GLOTIN/P.BAOUR,M,44.8907,-0.54683,330,4,,,,2.0,2.0,,,0.0,1.0,1.0,0.0,0.0,1.0,0.0,1.0,0.0
201700025874,17,8,25,1500,1,2,4,1.0,3.0,162,AVE DU MEDOC,M,44.8851,-0.63656,330,4,0,,,2.0,3.0,,,0.0,1.0,1.0,0.0,0.0,1.0,0.0,0.0,0.0
201700025875,17,8,25,1730,1,2,2,1.0,3.0,63,ADRD?CROIS.=>BORDEAUX,M,44.8469,-0.62914,330,4,,,,2.0,2.0,,,0.0,1.0,1.0,0.0,60.0,1.0,0.0,0.0,0.0
201700025876,17,9,2,1650,1,2,2,1.0,3.0,281,32R.M.DASSAULT/LATECOERE,M,44.84809,-0.6858,330,4,,,,3.0,2.0,,,0.0,1.0,1.0,0.0,0.0,1.0,0.0,1.0,0.0
201700025877,17,8,31,2240,5,2,4,1.0,7.0,281,AVE DE KAOLACK,M,44.81546,-0.66571,330,4,0,,,2.0,4.0,,,0.0,1.0,0.0,0.0,0.0,1.0,0.0,1.0,0.0
201700025878,17,8,31,2020,1,2,3,1.0,1.0,39,R.A.FRANCE/FR.DOUAUD,M,44.8115,-0.55994,330,4,,,,2.0,1.0,,,0.0,1.0,1.0,30.0,60.0,1.0,0.0,1.0,0.0
201700025879,17,9,9,2340,5,2,2,2.0,6.0,522,CRS LIBERATION / AV ROUL,M,44.8068,-0.59172,330,4,,,,3.0,4.0,,,0.0,1.0,1.0,0.0,0.0,2.0,0.0,1.0,0.0
201700025880,17,9,10,630,5,2,1,1.0,6.0,63,40Q.PALUDATE>Q.BRIENNE,M,44.8286,-0.55347,330,4,,,,2.0,2.0,,,0.0,1.0,1.0,0.0,0.0,2.0,0.0,0.0,0.0
201700025881,17,9,11,2220,3,2,7,2.0,6.0,63,VOIE D'ACCES PONT SAINT,M,44.83055,-0.55629,330,4,0,,,1.0,3.0,,,0.0,2.0,1.0,0.0,0.0,2.0,0.0,1.0,0.0
201700025882,17,9,7,1830,1,2,3,1.0,3.0,318,"VL,TRAM>PESSAC",M,44.7941,-0.63248,330,4,,,,2.0,4.0,,,0.0,1.0,1.0,0.0,0.0,1.0,0.0,1.0,0.0
201700025883,17,9,17,650,3,2,1,3.0,6.0,63,58Q.PALUDATE>BRIENNE,M,44.8279,-0.55197,330,4,,,,2.0,2.0,,,0.0,1.0,1.0,0.0,0.0,2.0,0.0,1.0,0.0
201700025884,17,9,15,1645,1,2,1,1.0,6.0,63,PIET:CTEN?PAIR>LABAT,M,44.8344,-0.60592,330,4,,,,2.0,2.0,,,0.0,1.0,1.0,0.0,0.0,1.0,0.0,1.0,0.0
201700025885,17,9,18,1535,1,2,2,1.0,3.0,63,VL>REINSON/MOTO>40JOURNX,M,44.878,-0.57095,330,4,,,,2.0,5.0,,,0.0,1.0,1.0,0.0,0.0,1.0,0.0,1.0,0.0
201700025886,17,9,16,655,4,2,3,3.0,1.0,63,VL>CENON/SCOOTS/BRET>BX,M,44.8363,-0.55012,330,4,,,,2.0,3.0,,,0.0,1.0,1.0,0.0,0.0,2.0,0.0,0.0,0.0
201700025887,17,9,22,220,5,2,3,1.0,6.0,63,Q. Queyries/R. Lavigne,M,44.8477,-0.56416,330,4,,,,2.0,2.0,,,0.0,1.0,1.0,0.0,0.0,1.0,0.0,0.0,0.0
201700025888,17,9,25,1004,1,2,2,1.0,3.0,63,VL>ALBRET/CYCLO>PESSAC,M,44.8323,-0.5817,330,4,,,,1.0,1.0,,,0.0,1.0,1.0,0.0,0.0,2.0,0.0,0.0,0.0
201700025889,17,5,31,1005,1,2,1,1.0,5.0,63,VL>BORDX/SCOOTER>EYSINES,M,44.8626,-0.61686,330,4,,,,2.0,2.0,,,0.0,1.0,1.0,0.0,100.0,1.0,0.0,1.0,0.0
201700025890,17,9,25,2130,5,2,4,1.0,5.0,63,CURIE (BD JOLIOT).,M,44.83599,-0.55042,330,4,0,,,3.0,3.0,,,0.0,3.0,2.0,200.0,180.0,1.0,0.0,0.0,0.0
201700025891,17,9,24,540,5,2,1,1.0,5.0,63,PONT DE PIERRE,M,44.83881,-0.56212,330,4,0,,,3.0,4.0,,,0.0,1.0,1.0,0.0,0.0,1.0,0.0,0.0,0.0
201700025892,17,9,22,2200,5,2,1,1.0,2.0,63,VEHS>PONTCHABANC?T?RIVE,M,44.8573,-0.56008,330,4,,,,2.0,3.0,,,0.0,1.0,1.0,0.0,0.0,1.0,0.0,1.0,0.0
201700025893,17,9,24,1730,1,2,5,1.0,3.0,63,VL&CYCLO>PCEDOUMER,M,44.8501,-0.58179,330,4,,,,1.0,0.0,,,0.0,1.0,1.0,0.0,40.0,1.0,0.0,1.0,0.0
201700025894,17,9,24,100,5,2,2,1.0,6.0,63,S/VOIETRAM-SENSIGNOR?-,M,44.8377,-0.57201,330,4,,,,1.0,3.0,,,3.0,1.0,1.0,0.0,0.0,1.0,0.0,0.0,0.0
201700025895,17,9,26,1550,1,2,1,1.0,6.0,281,Tram >SOMME-PIET>N0PAIRS,M,44.84117,-0.64697,330,4,,,,3.0,4.0,,,3.0,1.0,1.0,0.0,0.0,1.0,4.0,1.0,0.0
201700025896,17,9,25,751,1,2,3,1.0,6.0,63,CYCLO>BDS/VL>EYSINES,M,44.8543,-0.59838,330,4,,,,1.0,2.0,,,0.0,1.0,1.0,0.0,0.0,1.0,0.0,1.0,0.0
201700025897,17,9,27,2335,5,2,1,1.0,6.0,63,78AVTHIERS=>STALINGRARD,M,44.8432,-0.55527,330,4,,,,3.0,8.0,,,0.0,1.0,1.0,0.0,0.0,1.0,0.0,0.0,0.0
201700025898,17,9,29,955,1,2,2,1.0,3.0,63,VL>COLBERT/CYCLO>TASSIGN,M,44.8583,-0.61594,330,4,,,,2.0,2.0,,,0.0,1.0,1.0,0.0,0.0,1.0,0.0,1.0,0.0
201700025899,17,8,31,40,5,2,1,1.0,6.0,63,"15, RUE ETOBON CHENEBIER",M,44.84205,-0.55189,330,4,0,,,1.0,1.0,,,0.0,1.0,1.0,0.0,59.0,1.0,0.0,1.0,0.0
201700025900,17,9,29,2230,5,2,6,1.0,6.0,63,"9, AVE DE LABARDE",M,44.8963,-0.55083,330,4,0,,,2.0,2.0,,,0.0,1.0,3.0,0.0,70.0,1.0,0.0,1.0,0.0
201700025901,17,10,2,1640,1,2,3,1.0,6.0,63,VL>BDX/PIET>N?IMPAIRS,M,44.8565,-0.62965,330,4,,,,2.0,4.0,,,0.0,1.0,1.0,0.0,80.0,1.0,0.0,1.0,0.0
201700025902,17,9,29,1135,1,2,1,1.0,6.0,550,AVE DES PYRENEES,M,44.76718,-0.56329,330,4,0,,,2.0,1.0,,,0.0,1.0,1.0,0.0,0.0,1.0,0.0,1.0,0.0
201700025903,17,10,3,1255,1,2,4,1.0,6.0,63,"16, CRS EVRARD DE FAYOLL",M,44.85307,-0.57428,330,4,0,,,1.0,1.0,,,0.0,1.0,1.0,0.0,0.0,1.0,0.0,0.0,0.0
201700025904,17,10,7,15,4,1,1,1.0,6.0,32,GUERLANDES>AMBARES,M,44.9229,-0.53193,330,4,,,,3.0,4.0,,,0.0,1.0,2.0,0.0,72.0,1.0,0.0,1.0,0.0
201700025905,17,10,8,230,5,2,2,1.0,1.0,63,BD ALBERT 1ER,M,44.81341,-0.56418,330,4,0,,,3.0,5.0,,,0.0,1.0,1.0,0.0,0.0,1.0,0.0,1.0,0.0
201700025906,17,10,5,915,1,2,2,1.0,1.0,281,VLA>PESSAC/CYCLO>MAGUDAS,M,44.8532,-0.66955,330,4,,,,2.0,2.0,,,0.0,1.0,1.0,0.0,0.0,1.0,0.0,1.0,0.0
201700025907,17,10,15,1440,1,2,3,1.0,6.0,63,VL>MERIGNAC/PIET>N?PAIRS,M,44.8303,-0.60432,330,4,,,,1.0,1.0,,,0.0,1.0,1.0,0.0,0.0,1.0,0.0,0.0,0.0
201700025908,17,10,13,1255,1,2,1,1.0,4.0,63,3VL>R.L.FAURE,M,44.8595,-0.55293,330,4,,,,3.0,6.0,,,0.0,1.0,1.0,0.0,0.0,1.0,2.0,1.0,0.0
201700025909,17,10,17,1830,1,2,3,1.0,6.0,63,"33, CRS GEORGES CLEMENCE",M,44.84347,-0.579,330,4,0,,,1.0,1.0,,,0.0,1.0,1.0,0.0,0.0,1.0,0.0,1.0,0.0
201700025910,17,8,24,2125,5,2,3,1.0,1.0,281,VL:ROC>BX-CYCLO>ROC,M,44.857,-0.65716,330,4,,,,2.0,3.0,,,0.0,1.0,1.0,0.0,108.0,1.0,0.0,1.0,0.0
201700025911,17,10,15,2015,5,2,1,1.0,6.0,119,TRAM>FLOIRAC/PIETSORTRAM,M,44.8541,-0.51329,330,4,,,,3.0,4.0,,,0.0,1.0,1.0,0.0,0.0,1.0,4.0,1.0,0.0
201700025912,17,10,19,535,5,2,3,1.0,1.0,63,"18, QUAI DE PALUDATE",M,44.83007,-0.55579,330,4,0,,,3.0,3.0,,,0.0,1.0,1.0,0.0,0.0,2.0,0.0,1.0,0.0
201700025913,17,9,24,1130,1,2,2,1.0,3.0,63,VL>CITEVIN/MOTO>RAVESIES,M,44.8603,-0.55367,330,4,,,,3.0,7.0,,,0.0,1.0,1.0,0.0,0.0,1.0,0.0,0.0,0.0
201700025914,17,10,18,1045,1,2,6,1.0,3.0,522,CRS DE LA LIBERATION,M,44.80053,-0.59594,330,4,0,,,3.0,2.0,,,0.0,1.0,2.0,0.0,0.0,1.0,0.0,1.0,0.0
201700025915,17,10,16,1859,5,2,1,1.0,6.0,522,AVA.RIMBAUD>THOUARS,M,44.7909,-0.59047,330,4,,,,2.0,2.0,,,0.0,1.0,1.0,0.0,0.0,1.0,0.0,1.0,0.0
201700025916,17,10,21,1830,1,2,1,1.0,6.0,63,VL>LATULE/PIET>MACDO,M,44.8705,-0.56485,330,4,,,,3.0,4.0,,,3.0,1.0,1.0,0.0,100.0,1.0,0.0,0.0,0.0
201700025917,17,10,22,2110,5,2,4,1.0,1.0,63,"71, CRS ARISTIDE BRIAND",M,44.83142,-0.57537,330,4,0,,,3.0,3.0,,,0.0,1.0,1.0,0.0,0.0,1.0,0.0,1.0,0.0
201700025918,17,10,14,845,1,2,2,1.0,3.0,39,"9, RTE DE TOULOUSE",M,44.7846,-0.56654,330,4,0,,,2.0,3.0,,,0.0,1.0,1.0,0.0,100.0,1.0,0.0,1.0,0.0
201700025919,17,10,20,2210,5,2,1,1.0,1.0,281,RUE DU LIVEAU,M,44.84786,-0.64014,330,4,0,,,2.0,0.0,,,0.0,1.0,2.0,0.0,27.0,1.0,0.0,1.0,0.0
201700025920,17,10,26,2210,5,2,2,1.0,1.0,167,AV PLAFARGUE/R. ECOMBES,M,44.8314,-0.53317,330,4,,,,2.0,2.0,,,0.0,1.0,1.0,0.0,0.0,1.0,0.0,0.0,0.0
201700025921,17,10,12,1545,1,2,1,1.0,2.0,192,BUS>TALENCE/CYCLO>GRADIG,M,44.7798,-0.61743,330,4,,,,2.0,2.0,,,0.0,1.0,1.0,0.0,0.0,1.0,0.0,1.0,0.0
201700025922,17,10,28,300,5,2,7,1.0,6.0,63,PCE DE LA COMEDIE,M,44.84233,-0.57451,330,4,0,,,2.0,3.0,,,0.0,4.0,1.0,0.0,0.0,1.0,0.0,1.0,0.0
201700025923,17,10,31,2205,3,2,1,1.0,2.0,281,avenue de Beaudsert,M,44.84129,-0.69324,330,4,0,,,2.0,2.0,,,0.0,1.0,1.0,0.0,0.0,1.0,0.0,1.0,0.0
201700025924,17,10,30,2020,3,1,2,1.0,3.0,162,VL>BORDEAUX/MOTO>EYSINES,M,44.8796,-0.62687,330,1,630,,,1.0,1.0,10.0,377.0,0.0,4.0,1.0,0.0,0.0,1.0,3.0,0.0,0.0
201700025925,17,11,4,1053,1,2,2,1.0,1.0,63,"VL,BUS>PNTCHABAN",M,44.8616,-0.55519,330,4,,,,2.0,6.0,,,0.0,1.0,1.0,0.0,0.0,1.0,0.0,1.0,0.0