Num_Acc,an,mois,jour,hrmn,lum,agg,int,atm,col,com,adr,gps,lat,long,dep,catr,voie,v1,v2,circ,nbv,pr,pr1,vosp,prof,plan,lartpc,larrout,surf,infra,situ,env1
201700025926,17,11,2,2110,5,2,1,1.0,2.0,281,"39 bis, AVE DE L'YSER",M,44.84122,-0.65282,330,4,0,,,3.0,4.0,,,0.0,1.0,1.0,205.0,450.0,1.0,0.0,1.0,0.0
201700025927,17,11,6,1655,1,2,3,1.0,6.0,281,"61, AVE DE LA SOMME",M,44.83145,-0.65599,330,4,0,,,2.0,2.0,,,0.0,1.0,1.0,0.0,0.0,1.0,0.0,1.0,0.0
201700025928,17,11,7,1635,1,2,5,1.0,3.0,63,PL&CYCLO:MARAN>LATULE,M,44.8703,-0.56598,330,4,,,,3.0,4.0,,,0.0,1.0,3.0,0.0,0.0,1.0,0.0,1.0,0.0
201700025929,17,10,27,1455,1,2,6,1.0,3.0,200,AVE DE MAGUDAS,M,44.86091,-0.69615,330,4,0,,,2.0,2.0,,,0.0,1.0,1.0,0.0,0.0,1.0,0.0,1.0,0.0
201700025930,17,11,10,750,1,2,1,1.0,3.0,63,LES2VEH>PCEVICTOIRE,M,44.8303,-0.57046,330,4,,,,2.0,3.0,,,0.0,1.0,1.0,0.0,0.0,2.0,0.0,1.0,0.0
201700025931,17,11,8,1105,1,2,3,1.0,6.0,63,CRS SAINT LOUIS,M,44.86239,-0.56709,330,4,0,,,2.0,2.0,,,0.0,1.0,1.0,0.0,0.0,1.0,0.0,1.0,0.0
201700025932,17,11,12,855,1,2,2,1.0,3.0,63,AVE DELATTRE TASSIGNY,M,44.85708,-0.61991,330,4,,,,2.0,4.0,,,0.0,1.0,1.0,0.0,0.0,2.0,0.0,0.0,0.0
201700025933,17,11,9,2310,5,2,3,2.0,2.0,63,"134, BD DU PDT FRANKLIN",M,44.81788,-0.57734,330,4,0,,,3.0,6.0,,,0.0,1.0,1.0,4.0,50.0,2.0,0.0,1.0,0.0
201700025934,17,11,12,825,1,2,2,2.0,2.0,162,2VL>BRUGES(RTE MEDOC),M,44.8674,-0.63716,330,4,,,,2.0,4.0,,,0.0,1.0,1.0,0.0,0.0,2.0,0.0,1.0,0.0
201700025935,17,11,8,925,1,2,1,1.0,6.0,167,S/PARKINGD1MAGASIN,M,44.8449,-0.51115,330,6,,,,0.0,0.0,,,0.0,1.0,1.0,0.0,0.0,1.0,0.0,1.0,0.0
201700025936,17,11,12,650,5,2,9,2.0,6.0,63,QUAI DU MARECHAL LYAUTEY,M,44.8416,-0.56954,330,4,0,,,2.0,6.0,,,0.0,1.0,1.0,0.0,0.0,2.0,0.0,1.0,0.0
201700025937,17,11,16,745,1,2,2,1.0,3.0,550,AVE DE FERRON,M,44.7467,-0.56383,330,4,0,,,2.0,2.0,,,0.0,1.0,1.0,0.0,0.0,1.0,0.0,1.0,0.0
201700025938,17,11,19,120,5,2,3,1.0,3.0,63,VL>PTPIERRE/VELO>GARONNE,M,44.8389,-0.56798,330,4,,,,3.0,2.0,,,0.0,1.0,1.0,0.0,0.0,1.0,0.0,1.0,0.0
201700025939,17,11,17,1035,1,2,9,1.0,6.0,119,"155, CASSAGNE (AVE RENE)",M,44.85057,-0.51761,330,4,0,,,1.0,1.0,,,0.0,1.0,1.0,0.0,0.0,1.0,0.0,0.0,0.0
201700025940,17,11,13,736,1,2,3,1.0,6.0,39,VL>BORDX/PIETN251>N180,M,44.8068,-0.5731,330,4,,,,2.0,2.0,,,0.0,1.0,1.0,0.0,51.0,0.0,0.0,1.0,0.0
201700025941,17,11,21,835,1,2,1,1.0,1.0,39,"101, RUE FERDINAND BUISS",M,44.79927,-0.55747,330,4,,,,2.0,2.0,,,0.0,1.0,1.0,0.0,0.0,1.0,0.0,1.0,0.0
201700025942,17,11,21,1115,1,2,6,1.0,1.0,522,"163, PEYDAVANT (RUE )",M,44.80179,-0.58539,330,4,,,,2.0,2.0,,,0.0,1.0,2.0,0.0,0.0,1.0,0.0,0.0,0.0
201700025943,17,11,20,1205,1,2,2,1.0,1.0,318,AVE DU PONT DE L'ORIENT,M,44.80877,-0.64943,330,4,,,,2.0,2.0,,,0.0,1.0,1.0,0.0,0.0,1.0,0.0,1.0,0.0
201700025944,17,10,27,2255,5,2,1,1.0,6.0,63,VL>BACALAN/PIET:SENS?,M,44.8526,-0.56757,330,4,,,,3.0,9.0,,,0.0,1.0,1.0,41.0,127.0,1.0,0.0,1.0,0.0
201700025945,17,11,22,913,1,2,2,1.0,1.0,318,AVE PASTEUR,M,44.80243,-0.64545,330,4,,,,2.0,5.0,,,0.0,1.0,1.0,0.0,186.0,1.0,0.0,0.0,0.0
201700025946,17,11,24,1805,5,2,2,2.0,3.0,281,AVE DE VERDUN,M,44.84031,-0.63987,330,4,0,,,2.0,5.0,,,0.0,4.0,1.0,0.0,30.0,2.0,0.0,1.0,0.0
201700025947,17,11,29,1,5,2,3,2.0,6.0,63,CYCLO>CRSV.HUGO-C?T?PAIR,M,44.8355,-0.568,330,4,,,,1.0,1.0,,,0.0,1.0,2.0,0.0,88.0,2.0,0.0,4.0,0.0
201700025948,17,11,27,1610,1,2,2,1.0,1.0,192,RUE SAINT-FRANCOIS XAVIE,M,44.78043,-0.60323,330,4,0,,,3.0,2.0,,,0.0,1.0,1.0,0.0,0.0,1.0,0.0,0.0,0.0
201700025949,17,11,28,2100,5,2,3,8.0,6.0,318,AVE PIERRE DE COUBERTIN,M,44.79968,-0.66864,330,4,0,,,2.0,0.0,,,0.0,2.0,1.0,0.0,83.0,2.0,0.0,1.0,0.0
201700025950,17,11,28,1400,1,2,2,8.0,3.0,39,AVE DU MARECHAL LECLERC,M,44.80958,-0.54223,330,4,0,,,2.0,2.0,,,0.0,1.0,1.0,0.0,0.0,2.0,0.0,1.0,0.0
201700025951,17,12,3,2310,5,2,4,2.0,1.0,63,"2, Boulevard GEORGE V",M,44.82737,-0.59225,330,4,0,,,3.0,6.0,,,0.0,1.0,1.0,0.0,0.0,2.0,0.0,1.0,0.0
201700025952,17,12,2,2315,5,2,2,1.0,3.0,63,PDTF.ROOSEVELT/ALBERT1ER,M,44.8148,-0.57263,330,4,,,,3.0,7.0,,,0.0,1.0,1.0,0.0,0.0,1.0,0.0,1.0,0.0
201700025953,17,12,1,1535,1,2,2,1.0,4.0,63,"9, BD ALIENOR D'AQUITAIN",M,44.87073,-0.56637,330,4,0,,,3.0,6.0,,,0.0,1.0,1.0,0.0,100.0,1.0,0.0,1.0,0.0
201700025954,17,12,3,335,5,2,4,1.0,6.0,13,"9, AVE DE LA MOUNE",M,44.86251,-0.48487,330,4,0,,,2.0,2.0,,,0.0,2.0,2.0,0.0,0.0,1.0,0.0,1.0,0.0
201700025955,17,12,9,1655,1,2,2,1.0,6.0,249,TRAM>LEHAILLAN/PIET>?,M,44.8799,-0.52419,330,4,,,,2.0,4.0,,,0.0,1.0,1.0,0.0,0.0,1.0,4.0,1.0,0.0
201700025956,17,12,10,1835,2,2,2,3.0,3.0,63,"397, RUE PASTEUR CAUD",M,44.84692,-0.62914,330,4,0,,,2.0,4.0,,,0.0,1.0,1.0,0.0,100.0,2.0,0.0,1.0,0.0
201700025957,17,12,12,705,5,2,4,1.0,6.0,200,RUE VICTOR HUGO,M,44.8781,-0.67652,330,4,0,,,2.0,4.0,,,0.0,1.0,1.0,0.0,0.0,1.0,0.0,0.0,0.0
201700025958,17,12,17,200,5,2,1,1.0,1.0,63,FACEALLMUNICH>CHARTRONS,M,44.845,-0.57058,330,4,,,,3.0,8.0,,,0.0,1.0,1.0,0.0,0.0,1.0,0.0,1.0,0.0
201700025959,17,12,17,800,1,2,2,1.0,1.0,63,"00, QUAI SAINTE- CROIX",M,44.8317,-0.55866,330,4,0,,,3.0,7.0,,,0.0,1.0,1.0,0.0,0.0,1.0,0.0,0.0,0.0
201700025960,17,12,14,1015,1,2,6,2.0,1.0,522,VL>LIBER?/VELO>ARTMETIER,M,44.8045,-0.60076,330,4,,,,3.0,4.0,,,0.0,1.0,1.0,0.0,61.0,2.0,0.0,1.0,0.0
201700025961,17,12,17,210,4,2,3,1.0,2.0,281,CNSTAMIAB.VL>CAPEYRON,M,44.8468,-0.64422,330,4,,,,2.0,2.0,,,0.0,1.0,1.0,0.0,80.0,1.0,0.0,0.0,0.0
201700025962,17,12,21,1830,5,2,2,1.0,1.0,63,LECLERC CAUD (AVE DU GEN,M,44.85352,-0.6104,330,4,0,,,2.0,4.0,,,0.0,1.0,1.0,0.0,11.0,1.0,0.0,1.0,0.0
201700025963,17,12,19,730,5,2,3,1.0,6.0,249,"9, RUE PAUL COURTAULT",M,44.88098,-0.52616,330,4,0,,,2.0,2.0,,,0.0,2.0,2.0,0.0,0.0,1.0,0.0,1.0,0.0
201700025964,17,12,15,1725,5,2,1,3.0,6.0,63,ALLVERCINGETORIX>CASTEJA,M,44.8423,-0.58517,330,4,,,,0.0,2.0,,,0.0,1.0,1.0,0.0,0.0,2.0,0.0,1.0,0.0
201700025965,17,12,18,2000,5,2,2,1.0,3.0,63,VLB(SAMU)>BAR.MEDOC,M,44.8402,-0.5992,330,4,,,,3.0,6.0,,,0.0,1.0,1.0,0.0,0.0,1.0,0.0,1.0,0.0
201700025966,17,12,18,2045,5,2,4,1.0,7.0,63,"36, LECLERC CAUD (AVE DU",M,44.85191,-0.60777,330,4,0,,,1.0,1.0,,,0.0,1.0,1.0,0.0,0.0,1.0,0.0,0.0,0.0
201700025967,17,12,24,2000,5,2,2,1.0,6.0,63,VL>BARRIERE TOULOUSE,M,44.8171,-0.54848,330,4,,,,2.0,2.0,,,0.0,1.0,1.0,0.0,0.0,1.0,0.0,0.0,0.0
201700025968,17,12,22,2125,5,2,2,2.0,1.0,63,R. PESSAC / R.AUDEGUIL,M,44.82753,-0.58597,330,4,0,,,1.0,1.0,,,0.0,2.0,1.0,0.0,0.0,2.0,0.0,0.0,0.0
201700025969,17,12,26,1730,3,2,1,1.0,6.0,63,"18, QUAI DE BACALAN",M,44.85737,-0.56019,330,4,0,,,2.0,6.0,,,0.0,1.0,1.0,0.0,0.0,2.0,0.0,1.0,0.0
201700031097,17,1,14,1020,1,2,1,1.0,6.0,204,"10,Ld Les Julians",M,44.5465,-0.00452,330,3,224,,,2.0,2.0,21.0,187.0,0.0,1.0,2.0,0.0,61.0,1.0,0.0,1.0,99.0
201700031098,17,4,22,1620,1,1,1,1.0,7.0,418,lieu-dit l'auvergne,M,44.59852,-0.0259,330,3,668,,,2.0,2.0,17.0,400.0,0.0,2.0,2.0,0.0,64.0,1.0,0.0,1.0,99.0
201700031099,17,6,24,1500,1,1,1,1.0,6.0,48,Fin 200 m après sa sorti,M,44.48053,-0.1302,330,3,10,,,2.0,2.0,130.0,291.0,0.0,1.0,1.0,0.0,0.0,1.0,0.0,3.0,99.0
201700031100,17,7,5,1145,1,2,1,1.0,6.0,87,Lieu dit les filieres,M,44.6225,-0.07334,330,3,15,,,2.0,2.0,42.0,530.0,0.0,1.0,3.0,0.0,55.0,1.0,0.0,1.0,99.0
201700031101,17,7,14,945,1,1,1,1.0,6.0,2,La Choque,M,44.50332,-0.05213,330,4,9,,,2.0,2.0,,,0.0,1.0,3.0,0.0,48.0,1.0,0.0,3.0,99.0
201700031102,17,8,25,1555,1,2,1,1.0,6.0,352,6 chemin de Peyrefitte,M,44.58652,-0.04094,330,4,0,,,2.0,2.0,,,0.0,2.0,2.0,0.0,55.0,1.0,0.0,4.0,3.0
201700031103,17,9,8,1515,1,1,1,1.0,3.0,346,6 Perrulley,M,44.54712,-0.07505,330,3,12,,,2.0,2.0,5.0,223.0,0.0,1.0,3.0,0.0,55.0,1.0,0.0,1.0,99.0
201700031104,17,9,19,1200,1,1,3,1.0,3.0,87,RD670 / RD670E8,M,44.64016,-0.06211,330,3,670,,,2.0,2.0,58.0,965.0,0.0,2.0,0.0,0.0,10.0,1.0,,1.0,
201700031105,17,10,7,320,5,2,1,1.0,6.0,352,35 et 37 rue Gambetta,M,44.58287,-0.03802,330,3,1113,,,2.0,2.0,9.0,730.0,0.0,2.0,0.0,0.0,60.0,1.0,0.0,4.0,99.0
201700031106,17,10,28,1540,1,1,1,1.0,7.0,287,D129,M,44.58104,0.03178,330,3,129,,,2.0,2.0,21.0,460.0,0.0,1.0,1.0,0.0,50.0,1.0,0.0,3.0,99.0
201700031107,17,11,1,1735,2,1,1,1.0,6.0,21,Lieu dit germain.,M,44.51525,-0.1759,330,3,10,,,2.0,2.0,124.0,383.0,0.0,1.0,2.0,0.0,65.0,1.0,0.0,3.0,99.0
201700031108,17,12,8,1620,1,1,2,2.0,1.0,170,RD9 / RD9E6,M,44.56769,-0.03163,330,3,9,,,2.0,3.0,16.0,538.0,0.0,1.0,0.0,10.0,525.0,1.0,5.0,1.0,99.0
201700031109,17,12,25,1650,1,1,1,1.0,6.0,21,Lieu dit LOUBES,M,44.50694,-0.15789,330,3,10,,,2.0,2.0,126.0,240.0,0.0,1.0,0.0,0.0,0.0,1.0,0.0,3.0,99.0
201700031110,17,2,9,1220,1,1,3,1.0,6.0,225,31 R. des frères Bordes,M,44.5897,-0.45412,330,3,115,,,2.0,2.0,87.0,95.0,0.0,1.0,0.0,0.0,15.0,3.0,,,
201700031111,17,3,10,2215,3,1,1,1.0,1.0,76,D11,M,44.53547,-0.42743,330,3,11,,,2.0,2.0,42.0,0.0,0.0,1.0,0.0,0.0,0.0,1.0,0.0,1.0,99.0
201700031112,17,2,14,1406,1,2,5,1.0,3.0,81,RD230 /chemin des Baries,M,44.63493,-0.30851,330,3,230,,,2.0,2.0,0.0,890.0,0.0,1.0,3.0,7.0,110.0,1.0,,1.0,
201700031113,17,5,4,1030,1,2,9,1.0,6.0,327,zone commerciale des gra,M,44.65633,-0.36611,330,6,0,,,0.0,2.0,,,0.0,1.0,0.0,0.0,10.0,0.0,,,
201700031114,17,10,2,855,1,1,1,3.0,1.0,205,RD117E2 Lieu dit le roy,M,44.60851,-0.36353,330,3,117,2.0,E,2.0,2.0,3.0,9.0,0.0,1.0,3.0,0.0,75.0,2.0,0.0,1.0,99.0
201700031115,17,11,15,1725,2,2,3,1.0,3.0,327,RD1113 / R. Mauriac,M,44.65365,-0.36062,330,3,1113,,,2.0,2.0,42.0,325.0,0.0,1.0,,0.0,65.0,1.0,0.0,1.0,99.0
201700031359,17,1,19,1215,1,1,9,1.0,6.0,1,Voie Garage & Restaurant,M,45.00102,-0.11805,330,3,1089,,,3.0,4.0,13.0,81.0,3.0,1.0,3.0,0.0,30.0,7.0,3.0,3.0,99.0
201700031360,17,2,21,735,2,1,3,1.0,3.0,1,barraud,M,45.02408,-0.15053,330,3,247,,,2.0,2.0,14.0,435.0,0.0,4.0,0.0,5.0,210.0,1.0,,,
201700031361,17,2,21,1330,1,2,1,1.0,3.0,138,33 rue jean jaures,M,45.04456,-0.12634,330,4,0,,,2.0,2.0,,,0.0,1.0,1.0,0.0,0.0,1.0,0.0,1.0,99.0
201700031362,17,4,15,1600,1,1,2,1.0,3.0,1,D1089 / VC Tripoteau,M,44.9955,-0.12631,330,3,1089,,,2.0,2.0,14.0,149.0,0.0,1.0,0.0,10.0,515.0,1.0,,1.0,
201700031363,17,6,16,2130,2,2,1,1.0,1.0,138,LIEU-DIT L'ATELIER.,M,45.05027,-0.11741,330,3,674,,,2.0,2.0,11.0,943.0,0.0,1.0,1.0,0.0,60.0,1.0,0.0,1.0,99.0
201700031364,17,9,1,1000,1,2,3,1.0,6.0,478,R.PAGNOL / R.MONTAIGNE,M,45.00568,-0.00212,330,4,,,,2.0,2.0,,,,,,,,,,,
201700031365,17,9,21,1755,1,1,3,1.0,7.0,1,RD674 / RD247.,M,45.02517,-0.15366,330,3,247,,,2.0,2.0,14.0,146.0,0.0,1.0,0.0,11.0,810.0,3.0,,1.0,
201700031366,17,10,24,1400,1,1,1,1.0,6.0,138,Lieu dit Bellisle,M,45.04213,-0.17052,330,3,10,,,2.0,2.0,17.0,830.0,0.0,2.0,1.0,0.0,0.0,1.0,0.0,3.0,99.0
201700051272,17,1,1,2120,3,1,1,1.0,7.0,397,AUTOROUTE A 10,M,44.91233,-0.48375,330,1,10.0,,,3.0,6.0,539.0,200.0,0.0,1.0,1.0,10.0,210.0,1.0,0.0,1.0,99.0
201700051273,17,1,5,1800,5,1,1,1.0,4.0,63,ROCADE A 630,,,,330,1,630.0,,,3.0,6.0,4.0,100.0,0.0,2.0,1.0,10.0,210.0,1.0,0.0,1.0,0.0
201700051274,17,1,5,1835,3,1,1,1.0,3.0,75,ROCADE A 630,,,,330,1,630.0,,,2.0,6.0,6.0,800.0,0.0,1.0,1.0,100.0,140.0,1.0,0.0,1.0,0.0
201700051275,17,1,6,750,2,1,1,1.0,6.0,167,ROUTE NATIONALE 230,,,,330,2,230.0,,,3.0,6.0,36.0,270.0,0.0,4.0,3.0,20.0,210.0,1.0,0.0,1.0,0.0
201700051276,17,1,7,1430,1,1,1,1.0,5.0,63,ROCADE A 630,,,,330,1,630.0,,,3.0,3.0,4.0,370.0,0.0,1.0,1.0,5.0,105.0,1.0,2.0,1.0,0.0
201700051277,17,1,7,1955,5,1,1,1.0,3.0,13,ROUTE NATIONALE 230,,,,330,2,230.0,,,3.0,6.0,42.0,170.0,0.0,1.0,1.0,0.0,210.0,1.0,0.0,1.0,0.0
201700051278,17,1,10,830,1,1,1,2.0,3.0,162,ROCADE A 630,,,,330,1,630.0,,,3.0,6.0,13.0,520.0,0.0,1.0,3.0,80.0,210.0,1.0,0.0,1.0,99.0
201700051279,17,1,12,1645,2,1,1,2.0,4.0,13,ROUTE NATIONALE 230,,,,330,2,230.0,,,3.0,6.0,40.0,700.0,0.0,1.0,1.0,10.0,210.0,2.0,0.0,1.0,0.0
201700051280,17,1,13,1900,5,1,1,1.0,4.0,550,AUTOROUTE A 62,,,,330,1,62.0,,,3.0,6.0,0.0,600.0,0.0,1.0,1.0,40.0,210.0,1.0,0.0,1.0,99.0
201700051281,17,1,16,1610,1,1,1,1.0,2.0,550,ROCADE A 630,,,,330,1,630.0,,,3.0,4.0,30.0,345.0,0.0,2.0,1.0,35.0,140.0,1.0,0.0,1.0,0.0
201700051282,17,1,19,740,2,1,1,1.0,5.0,550,ROCADE A 630,M,44.77757,-0.56323,330,1,630.0,,,3.0,6.0,30.0,220.0,0.0,1.0,1.0,10.0,210.0,1.0,0.0,1.0,99.0
201700051283,17,1,19,1700,1,1,1,1.0,3.0,39,ROCADE A 630,,,,330,1,630.0,,,3.0,6.0,32.0,101.0,0.0,1.0,1.0,10.0,210.0,1.0,0.0,1.0,99.0
201700051284,17,1,20,840,1,1,1,1.0,3.0,281,ROCADE A 630,,,,330,1,630.0,,,3.0,7.0,14.0,0.0,0.0,1.0,1.0,600.0,245.0,1.0,0.0,1.0,0.0
201700051285,17,1,21,1545,1,1,1,1.0,4.0,550,ROCADE A 630,,,,330,1,630.0,,,3.0,6.0,32.0,595.0,0.0,1.0,1.0,15.0,200.0,1.0,0.0,1.0,99.0
201700051286,17,1,23,1520,1,1,1,1.0,4.0,75,ROCADE A 630,,,,330,1,630.0,,,1.0,2.0,9.0,200.0,0.0,1.0,3.0,0.0,70.0,1.0,3.0,1.0,0.0
201700051287,17,1,27,1746,3,1,1,1.0,6.0,281,ROCADE A 630,,,,330,1,630.0,,,3.0,6.0,15.0,660.0,0.0,1.0,1.0,35.0,210.0,1.0,0.0,1.0,0.0
201700051288,17,1,30,1045,1,1,1,2.0,3.0,249,AUTOROUTE A 10,M,44.88526,-0.50891,330,1,10.0,,,3.0,8.0,542.0,910.0,0.0,1.0,3.0,5.0,280.0,2.0,3.0,1.0,99.0
201700051289,17,1,31,1110,1,1,1,2.0,2.0,448,AUTOROUTE A 62,,,,330,1,62.0,,,3.0,4.0,7.0,500.0,0.0,1.0,1.0,10.0,140.0,2.0,0.0,1.0,99.0
201700051290,17,2,2,940,1,1,1,2.0,4.0,448,AUTOROUTE A 62,,,,330,1,62.0,,,3.0,4.0,4.0,390.0,0.0,1.0,1.0,50.0,140.0,2.0,0.0,0.0,0.0
201700051291,17,2,6,1715,1,1,1,2.0,2.0,550,ROCADE A 630,,,,330,1,630.0,,,3.0,6.0,30.0,50.0,0.0,1.0,1.0,30.0,240.0,2.0,0.0,2.0,0.0
201700051292,17,2,6,1835,5,1,1,2.0,2.0,39,ROCADE A 630,,,,330,1,630.0,,,3.0,7.0,33.0,312.0,0.0,1.0,1.0,20.0,270.0,2.0,0.0,1.0,99.0
201700051293,17,2,7,915,1,1,1,2.0,3.0,119,ROUTE NATIONALE 230,,,,330,2,230.0,,,3.0,6.0,41.0,650.0,0.0,1.0,1.0,20.0,210.0,2.0,0.0,1.0,99.0
201700051294,17,2,7,2033,5,1,1,2.0,6.0,249,ROUTE NATIONALE 230,,,,330,2,230.0,,,3.0,6.0,42.0,680.0,0.0,1.0,1.0,0.0,210.0,2.0,0.0,1.0,99.0
201700051295,17,2,9,1015,1,1,1,1.0,6.0,281,ROCADE A 630,,,,330,1,630.0,,,1.0,1.0,17.0,400.0,0.0,1.0,3.0,0.0,35.0,2.0,0.0,1.0,0.0
201700051296,17,2,14,740,2,1,1,1.0,4.0,249,ROUTE NATIONALE 230,M,44.87818,-0.50917,330,2,230.0,,,3.0,8.0,43.0,620.0,0.0,1.0,1.0,15.0,280.0,1.0,3.0,1.0,99.0
201700051297,17,2,14,1850,1,1,1,1.0,4.0,13,ROUTE NATIONALE 230,,,,330,2,230.0,,,3.0,6.0,41.0,600.0,0.0,1.0,1.0,10.0,210.0,1.0,0.0,1.0,0.0
201700051298,17,2,15,910,1,1,1,1.0,2.0,162,ROCADE A 630,,,,330,1,630.0,,,3.0,4.0,12.0,800.0,0.0,1.0,1.0,40.0,140.0,1.0,0.0,1.0,99.0
201700051299,17,2,16,1718,1,1,1,1.0,2.0,281,ROCADE A 630,,,,330,1,630.0,,,3.0,6.0,13.0,800.0,0.0,1.0,1.0,30.0,210.0,1.0,0.0,1.0,0.0
201700051300,17,2,17,1620,1,1,1,1.0,3.0,281,ROCADE A 630,,,,330,1,630.0,,,3.0,4.0,16.0,110.0,0.0,1.0,1.0,20.0,140.0,1.0,0.0,1.0,99.0
201700051301,17,2,20,1225,1,1,1,1.0,4.0,550,ROCADE A 630,,,,330,1,630.0,,,3.0,6.0,31.0,800.0,0.0,1.0,1.0,10.0,210.0,1.0,0.0,1.0,99.0
201700051302,17,2,20,1745,1,1,1,1.0,2.0,39,ROUTE NATIONALE 230,,,,330,2,230.0,,,3.0,6.0,34.0,500.0,0.0,1.0,1.0,20.0,210.0,1.0,2.0,1.0,0.0
201700051303,17,2,22,1435,1,1,1,1.0,6.0,550,ROCADE A 630,,,,330,1,630.0,,,3.0,4.0,28.0,200.0,0.0,1.0,1.0,10.0,140.0,1.0,0.0,3.0,99.0
201700051304,17,2,24,2025,5,1,1,1.0,3.0,487,AUTOROUTE A 10,M,,,330,1,10.0,,,3.0,6.0,535.0,400.0,0.0,1.0,1.0,10.0,210.0,1.0,0.0,1.0,99.0
201700051305,17,3,3,1510,1,1,1,1.0,4.0,249,ROUTE NATIONALE 230,M,44.87605,-0.50805,330,2,230.0,,,3.0,6.0,43.0,200.0,0.0,1.0,1.0,10.0,210.0,1.0,0.0,1.0,99.0
201700051306,17,3,7,1655,1,1,1,3.0,2.0,249,ROCADE A 630,M,44.88049,-0.53979,330,1,630.0,,,3.0,6.0,2.0,800.0,0.0,2.0,1.0,10.0,200.0,2.0,2.0,1.0,0.0
201700051307,17,3,10,655,2,1,1,1.0,3.0,249,ROCADE A 630,M,44.88003,-0.52554,330,1,630.0,,,3.0,7.0,1.0,500.0,0.0,1.0,1.0,10.0,245.0,2.0,0.0,1.0,99.0
201700051308,17,3,10,1940,5,1,1,1.0,2.0,39,ROCADE N230,M,44.80569,-0.52978,330,2,230.0,,,3.0,6.0,34.0,300.0,0.0,1.0,1.0,10.0,210.0,1.0,0.0,1.0,99.0
201700051309,17,3,11,1310,1,1,1,1.0,2.0,96,AUTOROUTE A 10,M,44.89892,-0.49478,330,1,10.0,,,3.0,6.0,541.0,0.0,0.0,1.0,1.0,10.0,210.0,1.0,0.0,1.0,99.0
201700051310,17,3,14,1300,1,1,1,1.0,4.0,192,ROCADE A 630,M,44.78635,-0.59622,330,1,630.0,,,3.0,6.0,27.0,400.0,0.0,1.0,1.0,10.0,210.0,1.0,0.0,1.0,99.0
201700051311,17,3,15,810,1,1,1,1.0,3.0,249,ROUTE NATIONALE 230,M,44.87967,-0.50995,330,2,230.0,,,3.0,6.0,43.0,800.0,0.0,1.0,1.0,10.0,210.0,1.0,0.0,1.0,99.0
201700051312,17,3,15,930,1,1,1,1.0,5.0,80,AUTOROUTE A 62,M,44.73712,-0.5339,330,1,62.0,,,3.0,4.0,4.0,300.0,0.0,1.0,1.0,10.0,140.0,1.0,0.0,1.0,99.0
201700051313,17,3,15,1655,1,1,1,1.0,2.0,75,ROCADE A 630,M,44.885,-0.62183,330,1,630.0,,,3.0,4.0,9.0,950.0,0.0,1.0,1.0,80.0,140.0,1.0,0.0,1.0,99.0
201700051314,17,3,15,1840,1,1,1,1.0,3.0,550,ROCADE A 630,M,44.77766,-0.55902,330,1,630.0,,,3.0,6.0,31.0,0.0,0.0,1.0,1.0,10.0,210.0,1.0,0.0,1.0,99.0
201700051315,17,3,17,1900,1,1,1,1.0,3.0,487,AUTOROUTE A 10,M,44.94036,-0.46639,330,1,10.0,,,3.0,6.0,535.0,700.0,0.0,1.0,1.0,10.0,210.0,1.0,0.0,1.0,99.0
201700051316,17,3,19,730,1,1,1,1.0,2.0,281,ROCADE A 630,M,44.8543,-0.66467,330,1,630.0,,,3.0,6.0,14.0,400.0,0.0,1.0,1.0,80.0,140.0,1.0,0.0,1.0,99.0
201700051317,17,3,20,813,1,1,1,2.0,3.0,75,ROCADE A 630,M,44.89018,-0.61403,330,1,630.0,,,3.0,4.0,9.0,0.0,0.0,1.0,1.0,80.0,140.0,2.0,0.0,1.0,99.0