Num_Acc,an,mois,jour,hrmn,lum,agg,int,atm,col,com,adr,gps,lat,long,dep,catr,voie,v1,v2,circ,nbv,pr,pr1,vosp,prof,plan,lartpc,larrout,surf,infra,situ,env1
201700051318,17,3,23,1055,1,1,1,2.0,2.0,249,ROCADE A 630,M,44.88307,-0.52108,330,1,630.0,,,3.0,6.0,1.0,20.0,0.0,1.0,2.0,10.0,210.0,2.0,0.0,1.0,99.0
201700051319,17,3,30,750,1,1,1,1.0,3.0,249,AUTOROUTE A 10,M,44.88816,-0.50503,330,1,10.0,,,3.0,6.0,542.0,450.0,0.0,1.0,1.0,10.0,210.0,1.0,0.0,1.0,99.0
201700051320,17,3,31,1550,1,1,1,1.0,2.0,550,ROCADE A 630,M,44.7824,-0.58555,330,1,630.0,,,3.0,6.0,29.0,0.0,0.0,1.0,1.0,10.0,210.0,1.0,3.0,1.0,99.0
201700051321,17,4,4,1310,1,1,1,1.0,5.0,96,AUTOROUTE A 10,M,44.88854,-0.50468,330,1,10.0,,,3.0,6.0,542.0,400.0,0.0,1.0,1.0,10.0,210.0,1.0,0.0,1.0,99.0
201700051322,17,4,5,1857,1,1,1,1.0,2.0,39,ROCADE A 631,M,44.80793,-0.53212,330,1,631.0,,,3.0,6.0,1.0,194.0,0.0,1.0,1.0,10.0,210.0,1.0,0.0,1.0,99.0
201700051323,17,4,6,1750,1,1,1,1.0,4.0,167,ROUTE NATIONALE 230,M,44.8256,-0.50946,330,2,230.0,,,3.0,6.0,37.0,189.0,0.0,2.0,1.0,20.0,210.0,1.0,0.0,1.0,0.0
201700051324,17,4,7,1840,1,1,1,1.0,5.0,3,AUTOROUTE A 10,M,44.92577,-0.4721,330,1,10.0,,,3.0,6.0,537.0,400.0,0.0,1.0,1.0,10.0,210.0,1.0,0.0,1.0,99.0
201700051325,17,4,7,1950,1,1,1,1.0,6.0,162,ROCADE A 630,M,44.87033,-0.64399,330,1,630.0,,,3.0,2.0,12.0,123.0,0.0,1.0,1.0,0.0,40.0,1.0,0.0,1.0,0.0
201700051326,17,4,11,730,1,1,1,1.0,5.0,80,AUTOROUTE A 62,M,44.72974,-0.52934,330,1,62.0,,,3.0,4.0,5.0,200.0,0.0,1.0,1.0,30.0,210.0,1.0,0.0,1.0,99.0
201700051327,17,4,11,1650,1,1,1,1.0,4.0,122,AUTOROUTE A 63,M,44.75221,-0.69194,330,1,63.0,,,3.0,4.0,6.0,300.0,0.0,1.0,1.0,92.0,70.0,1.0,0.0,1.0,99.0
201700051328,17,4,12,1713,1,1,1,1.0,3.0,96,AUTOROUTE A 10,M,44.88854,-0.50468,330,1,10.0,,,2.0,6.0,542.0,400.0,0.0,1.0,1.0,30.0,245.0,1.0,0.0,1.0,0.0
201700051329,17,4,13,305,5,1,1,1.0,6.0,143,AUTOROUTE A 10,M,44.95564,-0.45254,330,1,10.0,,,3.0,6.0,533.0,550.0,0.0,3.0,1.0,35.0,210.0,1.0,2.0,1.0,99.0
201700051330,17,4,13,735,1,1,1,1.0,4.0,75,ROCADE A 630,M,44.89018,-0.61403,330,1,630.0,,,3.0,4.0,9.0,0.0,0.0,1.0,1.0,80.0,140.0,1.0,0.0,1.0,99.0
201700051331,17,4,13,1245,1,1,1,1.0,2.0,122,AUTOROUTE A 63,M,44.7426,-0.70757,330,1,63.0,,,3.0,4.0,8.0,0.0,0.0,1.0,1.0,0.0,0.0,1.0,0.0,1.0,99.0
201700051332,17,4,14,1508,1,1,1,1.0,2.0,162,ROCADE A 630,M,44.87394,-0.63775,330,1,630.0,,,3.0,4.0,11.0,377.0,0.0,1.0,1.0,80.0,210.0,1.0,0.0,1.0,99.0
201700051333,17,4,7,1545,1,1,1,1.0,2.0,249,ROCADE A 630,M,44.8789,-0.53159,330,1,630.0,,,3.0,6.0,2.0,100.0,0.0,1.0,1.0,20.0,210.0,1.0,3.0,1.0,99.0
201700051334,17,4,15,1200,1,1,1,1.0,2.0,192,AUTOROUTE A 63,M,44.78315,-0.63207,330,1,63.0,,,3.0,6.0,1.0,0.0,0.0,1.0,1.0,10.0,210.0,1.0,0.0,1.0,0.0
201700051335,17,4,16,800,1,1,1,1.0,6.0,550,ROCADE A 630,M,44.78249,-0.58583,330,1,630.0,,,3.0,7.0,28.0,550.0,0.0,1.0,3.0,20.0,240.0,1.0,3.0,1.0,99.0
201700051336,17,4,18,1845,1,1,1,1.0,3.0,63,ROCADE A 630,M,44.88601,-0.56544,330,1,630.0,,,3.0,6.0,5.0,0.0,0.0,1.0,1.0,0.0,0.0,1.0,0.0,1.0,0.0
201700051337,17,4,20,1600,1,1,1,1.0,2.0,550,AUTOROUTE A 62,M,44.77276,-0.55596,330,1,62.0,,,3.0,4.0,0.0,720.0,0.0,1.0,1.0,20.0,140.0,1.0,0.0,1.0,99.0
201700051338,17,4,22,1105,1,1,1,1.0,4.0,122,AUTOROUTE A 63,M,44.73163,-0.72416,330,1,63.0,,,3.0,4.0,10.0,0.0,0.0,1.0,1.0,80.0,140.0,1.0,0.0,1.0,99.0
201700051339,17,4,22,1947,1,1,1,1.0,3.0,65,ROUTE NATIONALE 230,M,44.809,-0.52472,330,2,230.0,,,3.0,6.0,34.0,858.0,0.0,1.0,1.0,10.0,210.0,1.0,2.0,1.0,99.0
201700051340,17,4,23,1633,1,1,1,1.0,2.0,96,AUTOROUTE A 10,M,44.8936,-0.49942,330,1,10.0,,,3.0,6.0,541.0,700.0,0.0,1.0,1.0,30.0,240.0,1.0,0.0,1.0,99.0
201700051341,17,4,26,920,1,1,1,1.0,5.0,448,AUTOROUTE A 62,M,44.70771,-0.51085,330,1,62.0,,,3.0,4.0,7.0,770.0,0.0,1.0,1.0,30.0,140.0,1.0,0.0,1.0,99.0
201700051342,17,4,26,930,1,1,1,1.0,6.0,281,ROCADE A 630,M,44.84181,-0.67395,330,1,630.0,,,3.0,6.0,16.0,150.0,0.0,1.0,3.0,15.0,210.0,1.0,3.0,1.0,0.0
201700051343,17,4,26,1330,1,1,1,1.0,4.0,550,ROCADE A 630,M,44.78006,-0.54682,330,1,630.0,,,3.0,6.0,31.0,995.0,0.0,1.0,1.0,10.0,210.0,1.0,0.0,1.0,99.0
201700051344,17,4,26,1435,1,1,1,1.0,2.0,318,ROCADE A 630,M,44.78866,-0.64361,330,1,630.0,,,3.0,6.0,23.0,213.0,0.0,1.0,1.0,15.0,210.0,1.0,0.0,1.0,99.0
201700051345,17,4,26,1850,1,1,1,1.0,4.0,119,ROUTE NATIONALE 230,M,44.86175,-0.50416,330,2,230.0,,,3.0,6.0,41.0,700.0,0.0,1.0,1.0,10.0,210.0,1.0,0.0,1.0,99.0
201700051346,17,4,27,2310,5,1,1,1.0,2.0,550,ROCADE A 630 ECH19,M,44.77797,-0.5568,330,1,630.0,,,3.0,6.0,31.0,177.0,0.0,1.0,1.0,10.0,105.0,1.0,3.0,1.0,99.0
201700051347,17,4,28,1725,1,1,1,1.0,5.0,281,ROCADE A 630,M,44.83732,-0.67633,330,1,630.0,,,3.0,6.0,16.0,700.0,0.0,1.0,1.0,10.0,210.0,1.0,0.0,1.0,99.0
201700051348,17,5,9,730,1,1,1,1.0,2.0,75,ROCADE A 630,M,44.8898,-0.61642,330,1,630.0,,,3.0,6.0,9.0,200.0,0.0,1.0,2.0,100.0,210.0,1.0,3.0,1.0,0.0
201700051349,17,5,11,755,1,1,1,2.0,2.0,281,ROCADE A 630,M,44.84684,-0.67013,330,1,630.0,,,3.0,7.0,15.0,500.0,0.0,1.0,1.0,50.0,210.0,2.0,0.0,1.0,99.0
201700051350,17,5,12,215,3,1,1,1.0,2.0,122,AUTOROUTE A 63,M,44.72125,-0.73765,330,1,63.0,,,3.0,7.0,11.0,500.0,0.0,1.0,1.0,80.0,245.0,1.0,3.0,1.0,99.0
201700051351,17,5,11,1930,1,1,1,1.0,3.0,39,ROCADE A 630,M,44.80068,-0.53533,330,1,630.0,,,3.0,6.0,33.0,800.0,0.0,1.0,1.0,10.0,210.0,1.0,0.0,1.0,99.0
201700051352,17,5,17,1625,1,1,1,2.0,4.0,119,ROUTE NATIONALE 230,M,44.85998,-0.50432,330,2,230.0,,,3.0,6.0,41.0,500.0,0.0,1.0,1.0,10.0,210.0,2.0,0.0,1.0,99.0
201700051353,17,5,17,1740,1,1,1,1.0,2.0,80,AUTOROUTE A 62,M,44.74524,-0.53856,330,1,62.0,,,3.0,4.0,3.0,0.0,0.0,1.0,1.0,30.0,140.0,1.0,0.0,1.0,99.0
201700051354,17,5,18,900,1,1,1,3.0,2.0,162,ROCADE A 630,M,44.86696,-0.64977,330,1,630.0,,,3.0,6.0,12.0,760.0,0.0,1.0,1.0,20.0,210.0,2.0,0.0,1.0,0.0
201700051355,17,5,18,950,1,1,1,3.0,7.0,162,ROCADE A 630,M,44.87552,-0.63497,330,1,630.0,,,3.0,6.0,11.0,110.0,0.0,1.0,1.0,80.0,280.0,2.0,0.0,1.0,99.0
201700051356,17,5,21,335,5,1,1,1.0,6.0,192,ROCADE A 630,M,44.78538,-0.59386,330,1,630.0,,,3.0,3.0,27.0,600.0,0.0,1.0,1.0,20.0,210.0,1.0,0.0,1.0,99.0
201700051357,17,5,22,2240,4,1,1,1.0,2.0,281,ROCADE A 630,M,,,330,1,630.0,,,3.0,6.0,14.0,300.0,0.0,1.0,1.0,0.0,210.0,1.0,3.0,1.0,0.0
201700051358,17,5,24,1625,1,1,1,1.0,3.0,122,AUTOROUTE A 63,M,44.7502,-0.69498,330,1,63.0,,,3.0,4.0,7.0,0.0,0.0,1.0,1.0,50.0,280.0,1.0,0.0,1.0,0.0
201700051359,17,5,24,1820,1,1,1,1.0,3.0,63,ROCADE A 630,M,44.88748,-0.5748,330,1,630.0,,,3.0,4.0,6.0,100.0,0.0,1.0,1.0,100.0,140.0,1.0,0.0,1.0,99.0
201700051360,17,5,24,1950,1,1,1,1.0,3.0,96,AUTOROUTE A 10,M,44.89934,-0.49454,330,1,10.0,,,3.0,6.0,540.0,950.0,0.0,1.0,1.0,10.0,210.0,1.0,0.0,1.0,0.0
201700051361,17,5,25,1030,1,1,1,1.0,2.0,448,AUTOROUTE A 62,M,44.72181,-0.52342,330,1,62.0,,,3.0,4.0,6.0,200.0,0.0,1.0,1.0,30.0,140.0,1.0,0.0,1.0,99.0
201700051362,17,6,1,1700,1,1,1,1.0,4.0,162,ROCADE A 630,M,44.87922,-0.62849,330,1,630.0,,,3.0,5.0,10.0,500.0,0.0,1.0,1.0,100.0,175.0,1.0,3.0,1.0,99.0
201700051363,17,6,2,1025,1,1,1,1.0,6.0,39,RN230,M,44.80382,-0.53255,330,2,230.0,,,1.0,1.0,34.0,0.0,0.0,1.0,3.0,0.0,50.0,1.0,3.0,1.0,99.0
201700051364,17,6,2,1655,1,1,1,1.0,4.0,143,AUTOROUTE A 10,M,44.96348,-0.4414,330,1,10.0,,,3.0,6.0,532.0,300.0,0.0,1.0,1.0,10.0,210.0,1.0,0.0,1.0,99.0
201700051365,17,6,3,1145,1,1,1,3.0,4.0,143,AUTOROUTE A 10,M,44.95862,-0.44698,330,1,10.0,,,3.0,6.0,533.0,0.0,0.0,1.0,1.0,10.0,210.0,2.0,0.0,1.0,99.0
201700051366,17,6,6,725,1,1,1,8.0,2.0,162,ROCADE A 630,M,44.85878,-0.66121,330,1,630.0,,,3.0,4.0,13.0,600.0,0.0,1.0,1.0,80.0,140.0,2.0,0.0,1.0,99.0
201700051367,17,6,6,830,1,1,1,1.0,4.0,213,AUTOROUTE A 62,M,44.68973,-0.4935,330,1,62.0,,,3.0,4.0,10.0,500.0,0.0,1.0,1.0,20.0,140.0,1.0,0.0,1.0,0.0
201700051368,17,6,6,1240,1,1,1,1.0,4.0,366,AUTOROUTE A 10,M,45.00426,-0.42716,330,1,10.0,,,3.0,8.0,527.0,500.0,0.0,1.0,1.0,10.0,280.0,1.0,3.0,1.0,99.0
201700051369,17,6,10,940,1,1,1,1.0,4.0,90,AUTOROUTE A 63,M,44.7605,-0.67929,330,1,63.0,,,3.0,6.0,5.0,365.0,0.0,1.0,1.0,80.0,235.0,1.0,0.0,1.0,99.0
201700051370,17,6,13,1618,1,1,1,1.0,3.0,80,AUTOROUTE A 62,M,44.7455,-0.53874,330,1,62.0,,,3.0,4.0,3.0,250.0,0.0,1.0,1.0,10.0,140.0,1.0,0.0,1.0,0.0
201700051371,17,6,12,1810,1,1,1,1.0,2.0,63,ROCADE A 630,M,44.88083,-0.54154,330,1,630.0,,,3.0,6.0,3.0,400.0,0.0,4.0,1.0,10.0,210.0,1.0,2.0,1.0,99.0
201700051372,17,6,16,713,1,1,1,1.0,7.0,167,ROUTE NATIONALE 230,M,44.82129,-0.51683,330,2,230.0,,,3.0,6.0,36.0,435.0,0.0,1.0,2.0,10.0,210.0,1.0,0.0,1.0,0.0
201700051373,17,6,13,820,1,1,1,1.0,3.0,39,ROCADE A 630,M,44.79445,-0.53958,330,1,630.0,,,3.0,6.0,33.0,33.0,0.0,1.0,1.0,10.0,210.0,1.0,0.0,1.0,99.0
201700051374,17,6,13,945,1,1,1,1.0,3.0,281,ROCADE A 630,M,44.85188,-0.66636,330,1,630.0,,,3.0,6.0,14.0,700.0,0.0,1.0,1.0,10.0,210.0,1.0,0.0,1.0,0.0
201700051375,17,6,14,800,1,1,1,2.0,5.0,75,ROCADE A 630,M,44.89009,-0.61489,330,1,630.0,,,3.0,7.0,8.0,900.0,0.0,1.0,1.0,60.0,245.0,2.0,0.0,1.0,99.0
201700051376,17,6,14,940,1,1,1,3.0,5.0,13,ROUTE NATIONALE 230,M,44.85396,-0.50522,330,2,230.0,,,3.0,6.0,40.0,700.0,0.0,3.0,1.0,10.0,180.0,2.0,3.0,1.0,99.0
201700051377,17,6,19,1835,1,1,1,1.0,6.0,448,", AUTOROUTE A 62",M,44.71918,-0.52136,330,1,62.0,,,3.0,4.0,6.0,535.0,0.0,1.0,1.0,0.0,140.0,1.0,0.0,0.0,0.0
201700051378,17,6,19,1925,1,1,1,1.0,3.0,448,AUTOROUTE A 62,M,44.70623,-0.50891,330,1,62.0,,,3.0,4.0,8.0,0.0,0.0,1.0,1.0,10.0,140.0,1.0,0.0,1.0,99.0
201700051379,17,6,14,2055,1,1,1,1.0,2.0,90,AUTOROUTE A 63,M,44.77355,-0.65434,330,1,63.0,,,3.0,7.0,2.0,986.0,0.0,1.0,1.0,70.0,245.0,1.0,0.0,1.0,99.0
201700051380,17,6,19,745,1,1,1,1.0,3.0,281,ROCADE A 630,M,44.85429,-0.66468,330,1,630.0,,,3.0,6.0,14.0,400.0,0.0,1.0,1.0,10.0,210.0,1.0,3.0,1.0,99.0
201700051381,17,6,23,1245,1,1,1,1.0,2.0,281,ROCADE A 630,M,44.82297,-0.67433,330,1,630.0,,,3.0,3.0,18.0,500.0,0.0,1.0,1.0,10.0,105.0,1.0,0.0,1.0,99.0
201700051382,17,6,24,935,1,1,1,1.0,5.0,39,ROUTE NATIONALE 230,M,44.8063,-0.52884,330,2,230.0,,,3.0,6.0,34.0,400.0,0.0,1.0,1.0,10.0,220.0,1.0,2.0,1.0,99.0
201700051383,17,6,25,1905,1,1,1,1.0,2.0,162,ROCADE A 630,M,44.876,-0.63413,330,1,630.0,,,3.0,4.0,11.0,0.0,0.0,1.0,1.0,60.0,140.0,1.0,0.0,1.0,99.0
201700051384,17,6,27,2050,1,1,1,1.0,2.0,249,ROUTE NATIONALE 230,M,44.87872,-0.50946,330,2,230.0,,,3.0,6.0,43.0,686.0,0.0,1.0,1.0,10.0,210.0,1.0,0.0,1.0,0.0
201700051385,17,6,29,925,1,1,1,2.0,7.0,39,ROCADE A 630,M,44.80069,-0.53532,330,1,630.0,,,3.0,8.0,33.0,800.0,0.0,1.0,1.0,10.0,280.0,2.0,0.0,1.0,99.0
201700051386,17,6,29,1430,1,1,1,3.0,4.0,122,AUTOROUTE A 63,M,44.72871,-0.72842,330,1,63.0,,,3.0,4.0,10.0,350.0,0.0,1.0,1.0,100.0,140.0,2.0,0.0,1.0,99.0
201700051387,17,6,30,625,2,1,1,2.0,3.0,550,ROCADE A 630,M,44.77758,-0.56333,330,1,630.0,,,3.0,4.0,30.0,200.0,0.0,1.0,1.0,20.0,140.0,2.0,0.0,1.0,99.0
201700051388,17,6,30,922,1,1,1,2.0,4.0,122,AUTOROUTE A 63,M,44.732,-0.72363,330,1,63.0,,,3.0,4.0,9.0,800.0,0.0,1.0,1.0,80.0,140.0,2.0,0.0,1.0,99.0
201700051389,17,7,1,954,1,1,1,1.0,2.0,249,ROUTE NATIONALE 230,M,44.88291,-0.51127,330,2,230.0,,,1.0,2.0,44.0,0.0,0.0,2.0,2.0,0.0,70.0,2.0,0.0,1.0,0.0
201700051390,17,7,2,2330,5,1,1,1.0,2.0,192,ROCADE A 630,M,44.78723,-0.59825,330,1,630.0,,,1.0,1.0,27.0,200.0,0.0,1.0,1.0,10.0,210.0,1.0,0.0,1.0,99.0
201700051391,17,7,4,1340,1,1,1,1.0,1.0,63,ROCADE A 630,M,44.88305,-0.55328,330,1,630.0,,,3.0,4.0,4.0,650.0,1.0,1.0,3.0,0.0,0.0,1.0,0.0,5.0,0.0
201700051392,17,7,6,1540,1,1,1,1.0,4.0,39,ROUTE NATIONALE 230,M,44.80601,-0.52929,330,2,230.0,,,3.0,6.0,34.0,360.0,0.0,1.0,1.0,15.0,210.0,1.0,2.0,1.0,99.0
201700051393,17,7,7,855,1,1,1,1.0,6.0,96,AUTOROUTE A 10,M,44.89003,-0.50327,330,1,10.0,,,3.0,3.0,542.0,200.0,0.0,1.0,1.0,30.0,35.0,1.0,0.0,1.0,99.0
201700051394,17,7,7,1505,1,1,1,1.0,4.0,39,ROUTE NATIONALE 230,M,44.8065,-0.52853,330,2,230.0,,,3.0,6.0,34.0,433.0,0.0,1.0,1.0,20.0,210.0,1.0,2.0,1.0,99.0
201700051395,17,7,7,1600,1,1,1,1.0,6.0,397,AUTOROUTE A 10,M,44.9075,-0.49111,330,1,10.0,,,3.0,6.0,540.0,0.0,0.0,1.0,1.0,20.0,210.0,1.0,0.0,1.0,99.0
201700051396,17,7,11,2200,1,1,1,1.0,3.0,550,ROCADE A 630,M,44.7791,-0.55098,330,1,630.0,,,3.0,4.0,31.0,650.0,0.0,1.0,3.0,20.0,140.0,1.0,0.0,1.0,99.0
201700051397,17,7,13,1228,1,1,1,1.0,5.0,65,ROUTE NATIONALE 230,M,44.80715,-0.52754,330,2,230.0,,,3.0,6.0,34.0,550.0,0.0,1.0,1.0,5.0,210.0,1.0,2.0,1.0,99.0
201700051398,17,7,15,1135,1,1,1,1.0,3.0,63,ROCADE A 630,M,44.88635,-0.56672,330,1,630.0,,,3.0,6.0,5.0,112.0,0.0,1.0,1.0,100.0,160.0,1.0,0.0,1.0,0.0
201700051399,17,7,16,953,1,1,1,1.0,4.0,122,AUTOROUTE A 63,M,44.74893,-0.6969,330,1,63.0,,,3.0,4.0,7.0,200.0,0.0,1.0,1.0,20.0,140.0,1.0,0.0,1.0,0.0
201700051400,17,7,20,1928,1,1,1,1.0,3.0,39,ROUTE NATIONALE 230,M,44.8042,-0.532,330,2,230.0,,,3.0,6.0,34.0,60.0,0.0,2.0,1.0,20.0,210.0,1.0,2.0,1.0,99.0
201700051401,17,7,21,1928,1,1,9,1.0,6.0,3,AUTOROUTE A 10,M,44.92619,-0.47182,330,1,10.0,,,3.0,8.0,537.0,400.0,0.0,1.0,1.0,10.0,280.0,1.0,3.0,1.0,99.0
201700051402,17,7,24,1900,1,1,1,1.0,3.0,122,AUTOROUTE A 63,M,44.74415,-0.7049,330,1,63.0,,,3.0,4.0,8.0,0.0,0.0,1.0,1.0,0.0,140.0,1.0,0.0,1.0,0.0
201700051403,17,7,24,1900,1,1,1,1.0,4.0,119,ROUTE NATIONALE 230,M,44.85998,-0.50432,330,2,230.0,,,3.0,6.0,41.0,500.0,0.0,1.0,1.0,30.0,210.0,1.0,0.0,1.0,0.0
201700051404,17,7,26,1830,1,1,1,2.0,2.0,281,ROCADE A 630,M,44.85109,-0.66693,330,1,630.0,,,3.0,6.0,15.0,0.0,0.0,1.0,1.0,100.0,260.0,2.0,0.0,1.0,0.0
201700051405,17,7,28,1030,1,1,1,1.0,6.0,63,ROCADE A 630,M,44.88298,-0.5529,330,1,630.0,,,3.0,8.0,4.0,633.0,0.0,1.0,1.0,20.0,310.0,1.0,2.0,1.0,99.0
201700051406,17,7,28,1525,1,1,1,1.0,4.0,122,AUTOROUTE A 63,M,44.75161,-0.69284,330,1,63.0,,,3.0,4.0,6.0,400.0,0.0,1.0,1.0,100.0,140.0,1.0,0.0,1.0,0.0
201700051407,17,7,28,1935,1,1,1,1.0,4.0,550,ROCADE A 630,M,44.7808,-0.5796,330,1,630.0,,,3.0,6.0,29.0,500.0,0.0,1.0,1.0,20.0,210.0,1.0,0.0,1.0,99.0
201700051408,17,7,29,700,1,1,1,1.0,2.0,39,ROCADE A 630,M,44.79417,-0.53969,330,1,630.0,,,3.0,6.0,33.0,0.0,0.0,1.0,1.0,20.0,280.0,1.0,3.0,1.0,99.0
201700051409,17,7,31,1200,1,1,1,1.0,2.0,122,AUTOROUTE A 63,M,44.74989,-0.69546,330,1,63.0,,,3.0,4.0,7.0,50.0,0.0,1.0,1.0,40.0,140.0,1.0,0.0,1.0,0.0
201700051410,17,8,2,1015,1,1,1,1.0,3.0,96,AUTOROUTE A 10,M,44.89146,-0.50173,330,1,10.0,,,3.0,6.0,542.0,0.0,0.0,1.0,1.0,10.0,245.0,1.0,0.0,1.0,99.0
201700051411,17,8,2,1600,1,1,1,1.0,3.0,39,ROCADE A 630,M,44.78783,-0.54124,330,1,630.0,,,3.0,7.0,32.0,650.0,0.0,1.0,1.0,20.0,280.0,1.0,3.0,1.0,99.0
201700051412,17,8,4,1900,1,1,9,1.0,4.0,143,AUTOROUTE A 10,M,44.95862,-0.44698,330,1,10.0,,,3.0,6.0,533.0,0.0,0.0,1.0,1.0,20.0,210.0,1.0,0.0,1.0,99.0
201700051413,17,8,7,1208,1,1,1,1.0,3.0,143,AUTOROUTE A 10,M,44.96716,-0.43777,330,1,10.0,,,3.0,6.0,531.0,800.0,0.0,1.0,1.0,10.0,210.0,1.0,0.0,1.0,99.0
201700051414,17,8,7,1825,1,1,1,1.0,4.0,63,ROCADE A 630,M,44.88156,-0.54541,330,1,630.0,,,3.0,4.0,4.0,0.0,0.0,2.0,1.0,80.0,140.0,1.0,2.0,1.0,99.0
201700051415,17,8,8,430,5,1,1,2.0,6.0,143,AUTOROUTE A 10,M,44.95742,-0.44895,330,1,10.0,,,3.0,6.0,533.0,205.0,0.0,4.0,1.0,10.0,210.0,2.0,0.0,1.0,99.0
201700051416,17,8,11,1646,1,1,1,1.0,4.0,553,AUTOROUTE A 10,M,45.01555,-0.43128,330,1,10.0,,,3.0,6.0,526.0,200.0,0.0,1.0,1.0,10.0,210.0,1.0,0.0,1.0,99.0
201700051417,17,8,14,1550,1,1,1,1.0,4.0,63,ROCADE A 630,M,44.88192,-0.54733,330,1,630.0,,,3.0,6.0,3.0,900.0,0.0,1.0,1.0,10.0,210.0,1.0,0.0,1.0,99.0
201700051418,17,8,14,1640,1,1,1,1.0,3.0,63,ROCADE A 630,M,44.88081,-0.54142,330,1,630.0,,,3.0,6.0,3.0,400.0,0.0,1.0,1.0,10.0,210.0,1.0,0.0,1.0,99.0
201700051419,17,8,16,1821,1,1,1,1.0,5.0,192,ROCADE A 630,M,44.7896,-0.60497,330,1,630.0,,,3.0,8.0,26.0,616.0,0.0,1.0,1.0,10.0,280.0,1.0,0.0,1.0,99.0
201700051420,17,8,20,630,2,1,1,1.0,6.0,448,AUTOROUTE A 62,M,44.70623,-0.50891,330,1,62.0,,,3.0,4.0,8.0,0.0,0.0,1.0,1.0,30.0,140.0,1.0,0.0,1.0,99.0
201700051421,17,8,23,40,3,1,1,1.0,6.0,448,AUTOROUTE A 62,M,44.71328,-0.51651,330,1,62.0,,,3.0,4.0,7.0,0.0,0.0,1.0,1.0,60.0,140.0,1.0,0.0,1.0,99.0
201700051422,17,8,23,1810,1,1,1,1.0,6.0,122,AUTOROUTE A 63,M,44.73692,-0.71674,330,1,63.0,,,3.0,4.0,9.0,0.0,0.0,1.0,1.0,80.0,140.0,1.0,0.0,1.0,99.0
201700051423,17,8,24,520,3,1,1,1.0,6.0,366,AUTOROUTE A 10,M,44.98367,-0.42817,330,1,10.0,,,3.0,6.0,529.0,800.0,0.0,1.0,1.0,10.0,210.0,1.0,0.0,1.0,99.0
201700051424,17,8,25,1805,1,1,1,1.0,5.0,63,ROCADE A 630,M,44.88106,-0.54273,330,1,630.0,,,3.0,6.0,3.0,500.0,0.0,4.0,1.0,5.0,210.0,1.0,2.0,1.0,99.0
201700051425,17,8,26,1250,1,1,1,1.0,6.0,550,AUTOROUTE A 62,M,44.77466,-0.55676,330,1,62.0,,,1.0,1.0,0.0,500.0,0.0,1.0,2.0,0.0,35.0,1.0,0.0,1.0,0.0
201700051426,17,8,29,730,2,1,1,2.0,3.0,162,ROCADE A 630,M,44.87115,-0.64258,330,1,630.0,,,3.0,6.0,12.0,0.0,0.0,1.0,1.0,80.0,210.0,2.0,3.0,1.0,99.0
201700051427,17,8,31,1704,1,1,1,1.0,2.0,249,ROCADE A 630,M,44.87875,-0.53038,330,1,630.0,,,3.0,7.0,2.0,0.0,0.0,1.0,1.0,10.0,245.0,1.0,0.0,1.0,99.0
201700051428,17,9,4,725,2,1,1,8.0,4.0,281,ROCADE A 630,M,44.84037,-0.67492,330,1,630.0,,,3.0,8.0,16.0,328.0,0.0,1.0,1.0,20.0,260.0,2.0,0.0,1.0,99.0
201700051429,17,9,5,1125,1,1,1,1.0,6.0,397,AUTOROUTE A 10,M,44.91669,-0.47751,330,1,10.0,,,3.0,6.0,538.0,500.0,0.0,2.0,1.0,10.0,210.0,1.0,0.0,1.0,99.0