Num_Acc,an,mois,jour,hrmn,lum,agg,int,atm,col,com,adr,gps,lat,long,dep,catr,voie,v1,v2,circ,nbv,pr,pr1,vosp,prof,plan,lartpc,larrout,surf,infra,situ,env1
201700051430,17,9,7,1805,1,1,1,1.0,7.0,63,ROCADE A 630,M,44.88601,-0.56544,330,1,630.0,,,3.0,4.0,5.0,0.0,0.0,2.0,3.0,80.0,140.0,1.0,3.0,1.0,99.0
201700051431,17,9,7,1900,1,1,1,1.0,3.0,75,ROCADE A 630,M,44.88741,-0.62065,330,1,630.0,,,3.0,4.0,9.0,650.0,0.0,1.0,2.0,10.0,140.0,1.0,0.0,1.0,99.0
201700051432,17,9,8,1915,1,1,1,1.0,4.0,39,RN230,M,44.80362,-0.53271,330,2,230.0,,,3.0,6.0,34.0,0.0,0.0,2.0,2.0,10.0,210.0,1.0,0.0,1.0,99.0
201700051433,17,9,11,752,1,1,1,1.0,4.0,448,AUTOROUTE A 62,M,44.72205,-0.52361,330,1,62.0,,,3.0,5.0,6.0,170.0,0.0,1.0,1.0,30.0,165.0,2.0,0.0,1.0,99.0
201700051434,17,9,11,1315,1,1,1,1.0,5.0,249,ROUTE NATIONALE 230,M,44.87825,-0.50921,330,2,230.0,,,3.0,6.0,43.0,460.0,0.0,1.0,1.0,10.0,280.0,1.0,0.0,1.0,99.0
201700051435,17,9,12,805,1,1,1,1.0,5.0,397,AUTOROUTE A 10,M,44.8965,-0.49645,330,1,10.0,,,3.0,6.0,541.0,300.0,0.0,1.0,1.0,10.0,210.0,2.0,0.0,2.0,99.0
201700051436,17,9,12,830,1,1,1,1.0,3.0,75,ROCADE A 630,M,44.88146,-0.62466,330,1,630.0,,,3.0,4.0,10.0,100.0,0.0,1.0,1.0,80.0,140.0,1.0,0.0,1.0,99.0
201700051437,17,9,12,1820,1,1,1,1.0,2.0,397,AUTOROUTE A 10,M,44.89502,-0.49789,330,1,10.0,,,3.0,6.0,541.0,500.0,0.0,1.0,1.0,10.0,210.0,1.0,0.0,1.0,99.0
201700051438,17,9,13,1455,1,1,1,3.0,2.0,366,AUTOROUTE A 10,M,45.00604,-0.42756,330,1,10.0,,,3.0,8.0,527.0,300.0,0.0,1.0,1.0,10.0,280.0,2.0,0.0,1.0,99.0
201700051439,17,9,14,850,1,1,1,2.0,2.0,39,ROUTE NATIONALE 230,M,44.80691,-0.52791,330,2,230.0,,,3.0,6.0,34.0,500.0,0.0,1.0,1.0,10.0,210.0,2.0,2.0,1.0,99.0
201700051440,17,9,14,940,1,1,1,1.0,2.0,75,ROCADE A 630,M,44.88089,-0.62563,330,1,630.0,,,3.0,4.0,10.0,200.0,0.0,1.0,1.0,80.0,100.0,2.0,0.0,1.0,99.0
201700051441,17,9,16,230,3,1,1,1.0,3.0,448,AUTOROUTE A 62,M,44.69964,-0.50099,330,1,62.0,,,3.0,4.0,9.0,262.0,0.0,1.0,1.0,0.0,140.0,1.0,0.0,1.0,99.0
201700051442,17,9,17,1335,1,1,1,8.0,6.0,550,AUTOROUTE A 62,M,44.76061,-0.54699,330,1,62.0,,,1.0,1.0,1.0,500.0,0.0,4.0,2.0,0.0,35.0,2.0,3.0,2.0,0.0
201700051443,17,9,18,920,1,1,1,1.0,3.0,397,AUTOROUTE A 10,M,44.92251,-0.47421,330,1,10.0,,,3.0,6.0,537.0,800.0,0.0,1.0,1.0,10.0,210.0,1.0,0.0,1.0,99.0
201700051444,17,9,20,1625,1,1,1,1.0,4.0,281,ROCADE A 630,M,44.83816,-0.67606,330,1,630.0,,,3.0,6.0,16.0,590.0,0.0,1.0,1.0,10.0,280.0,1.0,0.0,1.0,99.0
201700051445,17,9,21,920,1,1,1,1.0,3.0,13,ROUTE NATIONALE 230,M,44.85681,-0.50487,330,2,230.0,,,3.0,8.0,41.0,20.0,0.0,1.0,1.0,10.0,280.0,1.0,3.0,1.0,99.0
201700051446,17,9,22,1550,1,1,1,1.0,2.0,13,ROUTE NATIONALE 230,M,44.84828,-0.50319,330,2,230.0,,,3.0,6.0,40.0,150.0,0.0,1.0,1.0,20.0,210.0,1.0,0.0,1.0,99.0
201700051447,17,9,25,850,1,1,1,8.0,7.0,281,ROCADE A 630,M,44.85567,-0.66372,330,1,630.0,,,1.0,1.0,14.0,230.0,0.0,1.0,3.0,100.0,35.0,2.0,3.0,1.0,99.0
201700051448,17,9,27,900,1,1,1,1.0,3.0,162,ROCADE A 630,M,44.86895,-0.64636,330,1,630.0,,,3.0,4.0,12.0,400.0,0.0,1.0,1.0,80.0,140.0,1.0,0.0,1.0,99.0
201700051449,17,9,29,725,2,1,1,1.0,5.0,281,ROCADE A 630,M,44.81346,-0.67248,330,1,630.0,,,3.0,6.0,19.0,406.0,0.0,1.0,1.0,20.0,210.0,1.0,0.0,1.0,0.0
201700051450,17,9,29,810,1,1,1,1.0,3.0,65,ROUTE NATIONALE 230,M,44.82757,-0.50632,330,2,230.0,,,3.0,6.0,37.0,520.0,0.0,2.0,1.0,10.0,210.0,1.0,0.0,1.0,99.0
201700051451,17,9,29,1735,1,1,1,1.0,6.0,162,ROCADE A 630,M,44.85753,-0.6624,330,1,630.0,,,3.0,6.0,14.0,0.0,0.0,1.0,1.0,100.0,210.0,1.0,3.0,1.0,0.0
201700051452,17,9,29,1820,1,1,1,1.0,3.0,39,ROCADE A 630,M,44.79504,-0.53934,330,1,630.0,,,3.0,6.0,33.0,100.0,0.0,1.0,1.0,10.0,210.0,1.0,0.0,1.0,99.0
201700051453,17,9,30,1845,1,1,1,1.0,6.0,39,ROCADE A 630,M,44.80382,-0.53255,330,2,230.0,,,3.0,6.0,34.0,0.0,0.0,1.0,1.0,10.0,210.0,1.0,0.0,1.0,99.0
201700051454,17,10,1,2105,5,1,1,2.0,5.0,249,ROUTE NATIONALE 230,M,44.86746,-0.50436,330,2,230.0,,,3.0,8.0,42.0,350.0,0.0,1.0,1.0,5.0,280.0,1.0,3.0,1.0,99.0
201700051455,17,10,2,629,5,1,1,2.0,6.0,75,ROCADE A 630,M,44.8892,-0.59002,330,1,630.0,,,3.0,6.0,7.0,135.0,0.0,1.0,3.0,60.0,210.0,2.0,3.0,1.0,99.0
201700051456,17,10,2,1201,1,1,1,2.0,6.0,249,ROCADE A 630,M,44.88319,-0.5209,330,1,630.0,,,1.0,2.0,1.0,0.0,0.0,2.0,2.0,0.0,70.0,2.0,3.0,1.0,99.0
201700051457,17,10,5,730,2,1,1,1.0,7.0,162,ROCADE A 630,M,44.87043,-0.64382,330,1,630.0,,,3.0,4.0,12.0,130.0,0.0,1.0,1.0,80.0,140.0,1.0,0.0,1.0,99.0
201700051458,17,10,6,1946,2,1,1,1.0,6.0,281,ROCADE INTERIEURE,M,44.84342,-0.6723,330,1,630.0,,,3.0,4.0,15.0,950.0,3.0,1.0,1.0,80.0,140.0,1.0,0.0,1.0,99.0
201700051459,17,10,6,2240,4,1,1,1.0,7.0,281,ROCADE A 630,M,44.84565,-0.67102,330,1,630.0,,,3.0,4.0,15.0,650.0,0.0,1.0,1.0,10.0,140.0,1.0,0.0,1.0,99.0
201700051460,17,10,10,820,1,1,1,1.0,5.0,550,ROCADE A 630,M,44.78463,-0.54213,330,1,630.0,,,3.0,6.0,32.0,290.0,0.0,1.0,1.0,10.0,210.0,1.0,0.0,1.0,99.0
201700051461,17,10,11,618,3,1,1,1.0,2.0,213,AUTOROUTE A 62,M,44.68567,-0.49137,330,1,62.0,,,3.0,4.0,11.0,0.0,0.0,1.0,1.0,50.0,140.0,1.0,0.0,1.0,99.0
201700051462,17,10,12,750,5,1,1,5.0,3.0,550,ROCADE A 630,M,44.77966,-0.5743,330,1,630.0,,,3.0,4.0,29.0,921.0,0.0,1.0,1.0,10.0,210.0,1.0,0.0,1.0,99.0
201700051463,17,10,12,1635,1,1,1,1.0,4.0,162,ROCADE A 630,M,44.86572,-0.65183,330,1,630.0,,,3.0,4.0,12.0,950.0,0.0,1.0,1.0,80.0,140.0,1.0,0.0,1.0,99.0
201700051464,17,10,12,1735,1,1,1,1.0,3.0,550,ROCADE A 630,M,44.7808,-0.5796,330,1,630.0,,,3.0,6.0,29.0,500.0,0.0,1.0,1.0,20.0,210.0,1.0,0.0,1.0,99.0
201700051465,17,10,13,1025,1,1,1,1.0,2.0,192,ROCADE A 630,M,44.78974,-0.61189,330,1,630.0,,,3.0,6.0,26.0,60.0,0.0,1.0,1.0,10.0,210.0,1.0,0.0,0.0,99.0
201700051466,17,10,13,1725,1,1,1,1.0,6.0,63,ROCADE A 630,M,44.88614,-0.5659,330,1,630.0,,,3.0,4.0,5.0,20.0,0.0,1.0,1.0,20.0,140.0,1.0,0.0,1.0,99.0
201700051467,17,10,17,750,5,1,1,1.0,3.0,550,ROCADE A 630,M,44.78002,-0.5761,330,1,630.0,,,3.0,6.0,29.0,775.0,0.0,1.0,1.0,10.0,210.0,1.0,0.0,1.0,99.0
201700051468,17,10,20,1915,2,1,1,1.0,4.0,167,ROUTE NATIONALE 230,M,44.84142,-0.50143,330,2,230.0,,,3.0,7.0,39.0,400.0,0.0,1.0,1.0,10.0,245.0,1.0,3.0,1.0,99.0
201700051469,17,10,20,2000,5,1,1,1.0,4.0,281,ROCADE A 630,M,44.843,-0.67303,330,1,630.0,,,3.0,5.0,16.0,0.0,0.0,1.0,3.0,80.0,175.0,1.0,0.0,1.0,99.0
201700051470,17,10,20,2120,5,1,1,1.0,6.0,397,AUTOROUTE A 10,M,44.90585,-0.49211,330,1,10.0,,,3.0,6.0,540.0,200.0,0.0,1.0,1.0,10.0,210.0,1.0,3.0,1.0,99.0
201700051471,17,10,21,2015,5,1,1,2.0,2.0,162,ROCADE A 630,M,44.87922,-0.62849,330,1,630.0,,,3.0,6.0,10.0,500.0,0.0,4.0,1.0,80.0,280.0,1.0,3.0,1.0,99.0
201700051472,17,10,24,715,4,1,1,1.0,5.0,366,AUTOROUTE A 10,M,45.00426,-0.42716,330,1,10.0,,,3.0,6.0,527.0,500.0,0.0,1.0,1.0,10.0,210.0,1.0,0.0,1.0,99.0
201700051473,17,10,25,650,3,1,1,1.0,3.0,249,AUTOROUTE A 10,M,44.88854,-0.50468,330,1,10.0,,,3.0,6.0,542.0,400.0,0.0,1.0,1.0,20.0,210.0,1.0,0.0,1.0,99.0
201700051474,17,10,25,710,5,1,1,1.0,2.0,397,AUTOROUTE A 10,M,44.90325,-0.49311,330,1,10.0,,,3.0,6.0,540.0,500.0,0.0,1.0,1.0,10.0,210.0,1.0,0.0,1.0,99.0
201700051475,17,10,25,1240,1,1,1,1.0,5.0,39,ROCADE A 631,M,44.81116,-0.53347,330,1,631.0,,,3.0,6.0,1.0,580.0,0.0,1.0,1.0,20.0,210.0,1.0,0.0,1.0,99.0
201700051476,17,10,26,1245,1,1,1,1.0,2.0,75,ROCADE A 630,M,44.8901,-0.61223,330,1,630.0,,,3.0,4.0,8.0,660.0,0.0,1.0,1.0,80.0,140.0,1.0,3.0,1.0,99.0
201700051477,17,10,27,900,1,1,1,1.0,2.0,75,ROCADE A 630,M,44.885,-0.62183,330,1,630.0,,,3.0,4.0,9.0,950.0,0.0,1.0,1.0,80.0,140.0,1.0,0.0,1.0,99.0
201700051478,17,10,27,1955,3,1,1,1.0,3.0,75,ROCADE A 630,M,44.88933,-0.60109,330,1,630.0,,,3.0,4.0,7.0,760.0,0.0,1.0,1.0,20.0,140.0,1.0,0.0,1.0,99.0
201700051479,17,10,30,2028,4,1,1,1.0,2.0,281,ROCADE A 630,M,44.83629,-0.67655,330,1,630.0,,,3.0,6.0,16.0,800.0,0.0,1.0,1.0,80.0,210.0,1.0,0.0,1.0,99.0
201700051480,17,11,4,1835,5,1,1,1.0,3.0,39,ROCADE A 630,M,44.79673,-0.53841,330,1,630.0,,,3.0,6.0,33.0,300.0,0.0,1.0,1.0,20.0,240.0,2.0,3.0,1.0,99.0
201700051481,17,11,4,1915,5,1,1,1.0,3.0,487,AUTOROUTE A 10,M,44.93769,-0.46685,330,1,10.0,,,3.0,6.0,536.0,0.0,0.0,1.0,1.0,10.0,210.0,2.0,0.0,1.0,99.0
201700051482,17,11,5,315,5,1,1,2.0,5.0,249,ROUTE NATIONALE 230,M,44.87212,-0.50644,330,2,230.0,,,3.0,6.0,42.0,900.0,0.0,1.0,1.0,10.0,210.0,2.0,0.0,1.0,99.0
201700051483,17,11,5,315,5,1,1,9.0,5.0,249,ROUTE NATIONALE 230,M,44.87127,-0.50605,330,2,230.0,,,3.0,6.0,42.0,800.0,0.0,1.0,1.0,10.0,210.0,2.0,0.0,1.0,99.0
201700051484,17,11,7,700,3,1,1,1.0,2.0,23,AUTOROUTE A 62,M,44.69784,-0.49934,330,1,62.0,,,3.0,4.0,9.0,500.0,0.0,1.0,1.0,10.0,140.0,1.0,3.0,1.0,99.0
201700051485,17,11,8,825,2,1,1,8.0,2.0,75,ROCADE A 630,M,44.8795,-0.62799,330,1,630.0,,,3.0,4.0,10.0,449.0,0.0,1.0,1.0,80.0,140.0,2.0,0.0,1.0,99.0
201700051486,17,11,8,1705,1,1,1,1.0,6.0,192,ROCADE A 630,M,44.7897,-0.61265,330,1,630.0,,,3.0,8.0,26.0,0.0,0.0,1.0,1.0,20.0,280.0,1.0,3.0,1.0,99.0
201700051487,17,11,9,2035,5,1,1,1.0,3.0,249,ROCADE A 630,M,44.88489,-0.50978,330,1,630.0,,,3.0,8.0,0.0,46.0,0.0,1.0,1.0,20.0,280.0,1.0,0.0,1.0,99.0
201700051488,17,11,10,610,3,1,1,1.0,6.0,23,AUTOROUTE A 62,M,44.69784,-0.49934,330,1,62.0,,,3.0,4.0,9.0,500.0,0.0,1.0,1.0,10.0,140.0,2.0,0.0,1.0,99.0
201700051489,17,11,10,1744,2,1,1,8.0,6.0,162,ROCADE A 630,M,44.86674,-0.65015,330,1,630.0,,,3.0,4.0,12.0,800.0,0.0,1.0,1.0,80.0,140.0,2.0,0.0,1.0,99.0
201700051490,17,11,11,410,3,1,1,2.0,2.0,213,AUTOROUTE A 62,M,44.68383,-0.49018,330,1,62.0,,,3.0,4.0,10.0,950.0,0.0,1.0,1.0,10.0,140.0,2.0,0.0,0.0,99.0
201700051491,17,11,11,1720,1,1,1,1.0,6.0,39,ROCADE A 631,M,44.80237,-0.53291,330,1,631.0,,,3.0,6.0,0.0,200.0,0.0,1.0,1.0,10.0,210.0,2.0,0.0,1.0,99.0
201700051492,17,11,12,1620,2,1,1,2.0,7.0,63,ROCADE A 630,M,44.88601,-0.56544,330,1,630.0,,,3.0,6.0,5.0,0.0,0.0,1.0,2.0,10.0,210.0,1.0,3.0,1.0,99.0
201700051493,17,11,13,635,5,1,1,1.0,3.0,487,AUTOROUTE A 10,M,44.94393,-0.46576,330,1,10.0,,,3.0,6.0,535.0,300.0,0.0,1.0,1.0,10.0,210.0,1.0,0.0,1.0,99.0
201700051494,17,11,14,755,1,1,1,1.0,6.0,75,ROCADE A 630,M,44.89018,-0.61403,330,1,630.0,,,3.0,4.0,9.0,0.0,0.0,1.0,1.0,80.0,140.0,1.0,0.0,1.0,99.0
201700051495,17,11,14,825,1,1,1,1.0,2.0,39,ROUTE NATIONALE 230,M,44.80445,-0.53165,330,2,230.0,,,3.0,6.0,34.0,100.0,0.0,1.0,1.0,10.0,210.0,1.0,0.0,1.0,99.0
201700051496,17,11,15,1830,5,1,1,1.0,6.0,39,ROCADE A 631,M,44.80906,-0.53245,330,1,631.0,,,3.0,6.0,1.0,215.0,0.0,1.0,1.0,20.0,210.0,1.0,0.0,1.0,99.0
201700051497,17,11,16,700,3,1,1,1.0,2.0,80,AUTOROUTE A 62,M,44.72974,-0.52934,330,1,62.0,,,1.0,6.0,5.0,200.0,0.0,1.0,1.0,25.0,210.0,1.0,0.0,1.0,0.0
201700051498,17,11,16,740,2,1,1,1.0,2.0,96,AUTOROUTE A 10,M,44.89729,-0.49584,330,1,10.0,,,3.0,4.0,541.0,200.0,0.0,1.0,1.0,10.0,140.0,1.0,0.0,1.0,99.0
201700051499,17,11,16,1910,3,1,1,1.0,7.0,550,AUTOROUTE A 62,M,44.76189,-0.54748,330,1,62.0,,,3.0,4.0,1.0,0.0,0.0,0.0,1.0,30.0,140.0,1.0,0.0,3.0,99.0
201700051500,17,11,17,655,5,1,1,1.0,7.0,143,AUTOROUTE A 10,M,44.9762,-0.43248,330,1,10.0,,,3.0,6.0,530.0,700.0,0.0,1.0,4.0,0.0,35.0,1.0,0.0,1.0,99.0
201700051501,17,11,17,1540,1,1,1,1.0,4.0,96,AUTOROUTE A 10,M,44.89289,-0.50019,330,1,10.0,,,3.0,6.0,541.0,800.0,0.0,1.0,1.0,20.0,210.0,1.0,0.0,1.0,99.0
201700051502,17,11,17,1815,5,1,1,1.0,2.0,192,AUTOROUTE A 63,M,44.77734,-0.64535,330,1,63.0,,,3.0,6.0,1.0,480.0,0.0,1.0,1.0,20.0,210.0,1.0,0.0,1.0,0.0
201700051503,17,11,17,2055,5,1,1,1.0,6.0,397,AUTOROUTE A 10,M,44.91335,-0.48168,330,1,10.0,,,3.0,6.0,539.0,0.0,0.0,1.0,1.0,10.0,210.0,1.0,0.0,1.0,99.0
201700051504,17,11,19,10,4,1,1,1.0,7.0,63,ROCADE A 630,M,44.88319,-0.55396,330,1,630.0,,,1.0,1.0,4.0,723.0,0.0,2.0,2.0,0.0,45.0,1.0,3.0,2.0,99.0
201700051505,17,11,19,750,1,1,1,5.0,6.0,249,ROUTE NATIONALE 230,M,44.87198,-0.50639,330,2,230.0,,,3.0,6.0,42.0,884.0,0.0,1.0,1.0,25.0,210.0,1.0,0.0,1.0,0.0
201700051506,17,11,21,2245,5,1,1,5.0,6.0,397,AUTOROUTE A 10,M,44.91284,-0.48273,330,1,10.0,,,1.0,1.0,539.0,100.0,0.0,1.0,3.0,0.0,35.0,2.0,3.0,1.0,99.0
201700051507,17,11,22,1330,1,1,1,1.0,5.0,192,ROCADE A 630,M,44.78906,-0.60276,330,1,630.0,,,3.0,4.0,26.0,800.0,0.0,1.0,1.0,10.0,140.0,1.0,0.0,1.0,99.0
201700051508,17,11,8,1945,1,1,1,1.0,3.0,550,ROCADE A 630,M,44.7776,-0.55969,330,1,630.0,,,3.0,6.0,30.0,500.0,0.0,1.0,1.0,10.0,210.0,1.0,0.0,1.0,99.0
201700051509,17,11,23,2105,3,1,1,1.0,2.0,80,AUTOROUTE A 62,M,44.75287,-0.54299,330,1,62.0,,,3.0,4.0,2.0,400.0,0.0,1.0,1.0,25.0,140.0,1.0,0.0,1.0,99.0
201700051510,17,11,25,50,3,1,1,2.0,6.0,550,ROCADE A 630,M,44.78107,-0.58064,330,1,630.0,,,3.0,6.0,29.0,400.0,0.0,1.0,2.0,10.0,210.0,2.0,0.0,1.0,99.0
201700051511,17,11,27,744,5,1,1,1.0,5.0,80,AUTOROUTE A 62,M,44.72488,-0.52583,330,1,62.0,,,3.0,4.0,5.0,500.0,0.0,1.0,1.0,10.0,140.0,1.0,3.0,1.0,99.0
201700051512,17,11,27,733,2,1,1,1.0,6.0,249,ROUTE NATIONALE 230,M,44.88222,-0.51103,330,2,230.0,,,1.0,2.0,44.0,100.0,0.0,3.0,2.0,10.0,70.0,1.0,3.0,1.0,99.0
201700051513,17,11,27,1805,5,1,1,1.0,7.0,39,ROUTE NATIONALE 230,M,44.80382,-0.53255,330,2,230.0,,,3.0,6.0,34.0,0.0,0.0,1.0,1.0,10.0,245.0,1.0,0.0,1.0,99.0
201700051514,17,11,28,835,2,1,1,1.0,4.0,122,AUTOROUTE A 63,M,44.72488,-0.7334,330,1,63.0,,,3.0,4.0,10.0,950.0,0.0,1.0,1.0,80.0,140.0,1.0,0.0,1.0,99.0
201700051515,17,11,28,1845,5,1,1,2.0,5.0,65,ROUTE NATIONALE 230,M,44.81166,-0.52164,330,2,230.0,,,3.0,6.0,35.0,250.0,0.0,1.0,1.0,20.0,235.0,2.0,3.0,1.0,99.0
201700051516,17,11,30,630,5,1,1,1.0,6.0,550,ROCADE A 630,M,44.77815,-0.55576,330,1,630.0,,,3.0,6.0,31.0,260.0,0.0,1.0,1.0,10.0,210.0,1.0,0.0,1.0,99.0
201700051517,17,11,30,755,2,1,1,1.0,3.0,3,AUTOROUTE A 10,M,44.92741,-0.47108,330,1,10.0,,,3.0,6.0,537.0,200.0,0.0,1.0,1.0,10.0,280.0,2.0,0.0,1.0,99.0
201700051518,17,11,30,835,1,1,1,5.0,5.0,65,ROUTE NATIONALE 230,M,44.81237,-0.52115,330,2,230.0,,,3.0,6.0,35.0,305.0,0.0,1.0,3.0,20.0,210.0,1.0,0.0,1.0,99.0
201700051519,17,12,1,1404,1,1,1,1.0,2.0,397,AUTOROUTE A 10,M,44.91079,-0.4869,330,1,10.0,,,3.0,6.0,539.0,500.0,0.0,1.0,1.0,20.0,210.0,1.0,0.0,1.0,99.0
201700051520,17,12,1,1847,3,1,1,1.0,2.0,143,AUTOROUTE A 10,M,44.95862,-0.447,330,1,10.0,,,3.0,6.0,533.0,0.0,0.0,4.0,1.0,10.0,210.0,1.0,0.0,1.0,99.0
201700051521,17,12,3,640,5,1,1,5.0,4.0,39,EX ROCADE A 631,M,44.81578,-0.53621,330,4,631.0,,,3.0,6.0,1.0,590.0,0.0,1.0,1.0,20.0,210.0,7.0,0.0,1.0,99.0
201700051522,17,12,8,930,1,1,1,1.0,2.0,550,ROCADE A 630,M,44.77751,-0.5623,330,1,630.0,,,3.0,6.0,30.0,279.0,0.0,1.0,1.0,10.0,280.0,2.0,3.0,1.0,0.0
201700051523,17,11,18,5,5,1,1,1.0,2.0,550,ROCADE A 630,M,44.78263,-0.58624,330,1,630.0,,,3.0,6.0,28.0,500.0,0.0,1.0,1.0,10.0,210.0,1.0,0.0,1.0,99.0
201700051524,17,12,13,2040,5,1,1,2.0,5.0,39,ROCADE A 630,M,44.79706,-0.5382,330,1,630.0,,,3.0,6.0,33.0,340.0,0.0,1.0,3.0,10.0,210.0,2.0,3.0,1.0,99.0
201700051525,17,12,15,2005,5,1,1,2.0,5.0,39,EX A631,M,44.8125,-0.53396,330,4,631.0,,,3.0,6.0,1.0,190.0,0.0,1.0,1.0,10.0,210.0,2.0,0.0,1.0,99.0
201700051526,17,12,17,415,3,1,1,1.0,2.0,90,AUTOROUTE A 63,M,44.76118,-0.6782,330,1,63.0,,,3.0,4.0,4.0,770.0,0.0,1.0,1.0,10.0,140.0,1.0,0.0,1.0,99.0
201700051527,17,12,17,1840,2,1,1,1.0,6.0,366,AUTOROUTE A 10,M,44.98194,-0.42887,330,1,10.0,,,3.0,6.0,530.0,0.0,0.0,1.0,1.0,0.0,245.0,1.0,0.0,1.0,0.0
201700051528,17,12,18,1150,1,1,1,2.0,3.0,143,AUTOROUTE A 10,M,44.97536,-0.4329,330,1,10.0,,,3.0,6.0,530.0,800.0,0.0,1.0,1.0,10.0,210.0,2.0,0.0,1.0,99.0
201700051529,17,12,20,755,5,1,1,1.0,3.0,119,ROUTE NATIONALE 230,M,44.86438,-0.5039,330,2,230.0,,,3.0,6.0,42.0,0.0,0.0,1.0,1.0,10.0,210.0,1.0,0.0,1.0,99.0
201700051530,17,12,22,840,2,1,1,1.0,3.0,162,ROCADE A 630,M,44.87055,-0.6436,330,1,630.0,,,3.0,4.0,12.0,109.0,0.0,1.0,1.0,80.0,140.0,2.0,0.0,1.0,99.0
201700051531,17,12,22,1100,1,1,1,8.0,4.0,397,AUTOROUTE A 10,M,44.91132,-0.4858,330,1,10.0,,,3.0,6.0,539.0,400.0,0.0,1.0,1.0,10.0,210.0,2.0,0.0,1.0,99.0
201700051532,17,12,22,1800,5,1,1,1.0,4.0,90,AUTOROUTE A 63,M,44.76996,-0.6628,330,1,63.0,,,3.0,4.0,3.0,740.0,0.0,1.0,1.0,80.0,140.0,2.0,0.0,1.0,99.0
201700051533,17,12,22,1805,5,1,1,1.0,4.0,550,ROCADE A 630,M,44.78011,-0.5467,330,1,630.0,,,3.0,6.0,31.0,990.0,0.0,1.0,1.0,10.0,210.0,1.0,0.0,1.0,99.0
201700051534,17,12,21,2105,3,1,1,8.0,4.0,90,AUTOROUTE A 63,M,44.7735,-0.6545,330,1,63.0,,,3.0,4.0,3.0,0.0,0.0,1.0,1.0,80.0,140.0,2.0,0.0,1.0,99.0
201700051535,17,12,23,102,5,1,1,1.0,2.0,397,AUTOROUTE A 10,M,44.90065,-0.4941,330,1,10.0,,,3.0,6.0,540.0,800.0,0.0,1.0,1.0,10.0,210.0,1.0,0.0,1.0,99.0
201700051536,17,12,26,1320,1,1,1,2.0,2.0,192,ROCADE A 630,M,44.78973,-0.612,330,1,630.0,,,3.0,6.0,26.0,50.0,0.0,1.0,1.0,10.0,210.0,2.0,0.0,1.0,99.0
201700051537,17,12,26,1815,4,1,1,2.0,2.0,119,ROUTE NATIONALE 230,M,44.85708,-0.5048,330,2,230.0,,,3.0,6.0,41.0,50.0,0.0,1.0,1.0,10.0,210.0,1.0,0.0,1.0,99.0
201700051538,17,12,28,1905,2,1,1,2.0,4.0,39,ROUTE NATIONALE 230,M,44.80569,-0.5298,330,2,230.0,,,3.0,6.0,34.0,300.0,0.0,1.0,1.0,10.0,210.0,2.0,0.0,1.0,99.0
201700051539,17,12,29,1637,1,1,1,1.0,6.0,80,AUTOROUTE A 62,M,44.75183,-0.5424,330,1,62.0,,,3.0,4.0,2.0,200.0,0.0,1.0,1.0,0.0,140.0,2.0,0.0,1.0,99.0